cc_record_id,customer_id,account_id,date_id,billing_amount,payment_amount,outstanding_balance,reward_points,late_fee,utilization_pct
6001,1218,2312,20230501,16242.84,12424.2,3818.64,162,0,8.12
6002,1052,2071,20241109,146439.24,110801.02,35638.22,1464,0,29.29
6003,1325,2454,20230731,10295.06,9135.04,1160.02,102,0,5.15
6004,1107,2150,20240612,161279.94,136160.27,25119.67,1612,0,53.76
6005,1753,3040,20230615,4558.09,4477.52,80.57,45,0,2.28
6006,1224,2321,20241103,184058.18,176520.46,7537.72,1840,0,100
6007,1177,2254,20230930,48007.96,47431.17,576.79,480,0,48.01
6008,1751,3038,20240709,50380.9,57854.97,0,503,0,25.19
6009,1892,3224,20240107,195756.7,151161.88,44594.82,1957,0,39.15
6010,1795,3091,20241105,190291.11,158641.0,31650.11,1902,0,38.06
6011,1881,3208,20240413,82163.16,61247.85,20915.31,821,0,82.16
6012,1081,2113,20231014,57457.76,30747.98,26709.78,574,0,11.49
6013,1233,2332,20241102,69531.23,56834.17,12697.06,695,0,69.53
6014,1667,2930,20240610,55395.55,51047.33,4348.22,553,0,18.47
6015,1279,2393,20230130,176261.33,144381.18,31880.15,1762,0,58.75
6016,1862,3184,20230919,196755.87,199994.44,0,1967,0,98.38
6017,1224,2321,20240721,116986.13,38988.77,77997.36,1169,0,100
6018,1493,2687,20240201,108635.64,86373.68,22261.96,1086,0,100
6019,1314,2440,20230714,129841.9,109861.78,19980.12,1298,0,25.97
6020,1165,2238,20240929,78937.1,78003.07,934.03,789,0,78.94
6021,1656,2914,20241124,105437.61,121535.45,0,1054,0,52.72
6022,1420,2588,20230910,167144.86,131191.64,35953.22,1671,0,55.71
6023,1384,2538,20231011,65548.31,44523.26,21025.05,655,0,65.55
6024,1282,2397,20240302,38821.78,20751.01,18070.77,388,0,12.94
6025,1777,3069,20240602,134239.54,48931.84,85307.7,1342,0,26.85
6026,1825,3134,20240830,76182.62,78062.85,0,761,0,25.39
6027,1475,2663,20241106,85359.55,54275.26,31084.29,853,0,28.45
6028,1410,2574,20240621,139035.66,141923.89,0,1390,0,100
6029,1590,2824,20230506,10778.14,3653.02,7125.12,107,0,2.16
6030,1173,2250,20230920,173897.11,199106.27,0,1738,0,57.97
6031,1244,2348,20241017,68539.76,72308.26,0,685,0,68.54
6032,1729,3009,20240122,184416.12,141800.99,42615.13,1844,0,61.47
6033,1595,2830,20230702,177765.3,147285.19,30480.11,1777,0,35.55
6034,1620,2860,20240901,134668.39,75391.78,59276.61,1346,0,100
6035,1767,3056,20231005,107282.22,110565.14,0,1072,0,21.46
6036,1460,2644,20230309,107092.26,79908.96,27183.3,1070,0,100
6037,1532,2739,20231120,88796.65,68456.5,20340.15,887,0,88.8
6038,1188,2269,20241029,43507.6,30031.91,13475.69,435,0,14.5
6039,1032,2047,20240603,116608.13,84982.46,31625.67,1166,0,23.32
6040,1351,2490,20230815,85371.91,99845.83,0,853,0,42.69
6041,1058,2080,20240424,55718.86,38659.34,17059.52,557,0,18.57
6042,1383,2536,20230719,60191.28,18408.84,41782.44,601,0,30.1
6043,1799,3097,20231125,68254.9,68971.56,0,682,0,22.75
6044,1169,2244,20230731,39742.91,46764.39,0,397,0,13.25
6045,1472,2659,20230402,196361.64,141956.5,54405.14,1963,0,98.18
6046,1191,2272,20241217,58456.27,67076.25,0,584,0,19.49
6047,1336,2469,20240528,195917.95,121579.34,74338.61,1959,0,39.18
6048,1393,2551,20230529,78852.85,32471.32,46381.53,788,0,78.85
6049,1079,2110,20231206,149317.98,158291.42,0,1493,0,74.66
6050,1218,2312,20230801,180666.26,88025.72,92640.54,1806,0,90.33
6051,1123,2175,20240331,140837.44,142480.4,0,1408,0,46.95
6052,1553,2772,20240430,103354.08,81981.9,21372.18,1033,0,51.68
6053,1738,3019,20230202,74984.18,42091.78,32892.4,749,0,74.98
6054,1041,2058,20230403,104176.64,68058.74,36117.9,1041,0,20.84
6055,1252,2359,20230618,80458.38,77947.76,2510.62,804,0,26.82
6056,1077,2108,20240605,109598.38,60775.36,48823.02,1095,0,36.53
6057,1772,3062,20230920,22506.38,25203.7,0,225,0,22.51
6058,1883,3211,20240419,16835.53,10442.06,6393.47,168,0,3.37
6059,1152,2219,20230423,118397.52,91538.08,26859.44,1183,0,100
6060,1199,2285,20240229,140025.57,76045.92,63979.65,1400,0,46.68
6061,1404,2565,20230827,74854.13,71889.42,2964.71,748,0,14.97
6062,1695,2962,20231121,198168.28,143724.17,54444.11,1981,0,66.06
6063,1343,2479,20231020,67243.64,26893.38,40350.26,672,0,13.45
6064,1778,3070,20240404,53560.99,48569.5,4991.49,535,0,17.85
6065,1799,3097,20230507,175300.35,155225.74,20074.61,1753,0,58.43
6066,1048,2067,20230317,26481.58,12476.58,14005.0,264,0,26.48
6067,1776,3067,20241201,29858.77,11845.5,18013.27,298,0,14.93
6068,1597,2832,20230613,166319.44,115598.9,50720.54,1663,0,83.16
6069,1795,3091,20241110,140586.28,44738.16,95848.12,1405,0,28.12
6070,1152,2219,20241218,67908.36,79094.37,0,679,0,67.91
6071,1726,3005,20230810,79565.15,37808.66,41756.49,795,0,79.57
6072,1374,2522,20240731,150657.08,170006.64,0,1506,0,100
6073,1055,2076,20230906,26391.65,19930.09,6461.56,263,0,26.39
6074,1795,3091,20231214,188553.62,178694.0,9859.62,1885,0,37.71
6075,1881,3208,20230208,168734.59,93557.89,75176.7,1687,0,100
6076,1109,2153,20241202,119784.52,88360.5,31424.02,1197,0,100
6077,1548,2763,20240222,142286.65,51532.0,90754.65,1422,0,100
6078,1706,2979,20241106,194395.43,178538.95,15856.48,1943,0,97.2
6079,1305,2429,20240520,184785.86,167387.05,17398.81,1847,0,36.96
6080,1288,2404,20241015,143225.24,154853.79,0,1432,0,71.61
6081,1871,3194,20240803,97892.99,89285.13,8607.86,978,0,32.63
6082,1272,2384,20240526,132122.72,126313.66,5809.06,1321,0,66.06
6083,1354,2493,20240616,14996.01,4676.6,10319.41,149,0,7.5
6084,1282,2397,20230514,56814.56,42973.98,13840.58,568,0,18.94
6085,1283,2398,20240916,67525.79,61577.51,5948.28,675,0,13.51
6086,1658,2918,20240209,96878.08,105340.33,0,968,0,19.38
6087,1523,2727,20241208,177147.76,169111.34,8036.42,1771,0,35.43
6088,1262,2372,20241021,183136.05,109157.44,73978.61,1831,0,100
6089,1622,2862,20241026,77009.11,74154.34,2854.77,770,0,38.5
6090,1460,2644,20240119,116046.3,62184.84,53861.46,1160,0,100
6091,1453,2632,20230108,6661.34,5194.91,1466.43,66,0,3.33
6092,1217,2311,20231108,159802.9,79708.29,80094.61,1598,0,100
6093,1795,3091,20231031,173038.66,184409.58,0,1730,0,34.61
6094,1452,2631,20241123,101157.77,77119.89,24037.88,1011,0,50.58
6095,1183,2262,20240417,173336.83,79788.01,93548.82,1733,0,34.67
6096,1420,2588,20240702,110881.55,62829.94,48051.61,1108,0,36.96
6097,1055,2076,20240913,154223.44,90199.92,64023.52,1542,0,100
6098,1336,2469,20230828,125842.16,73410.46,52431.7,1258,0,25.17
6099,1165,2238,20230604,3370.56,1427.19,1943.37,33,0,3.37
6100,1521,2725,20231204,77459.49,35599.24,41860.25,774,0,15.49
6101,1273,2386,20231003,99706.47,33094.19,66612.28,997,0,33.24
6102,1245,2351,20230831,156561.58,149698.54,6863.04,1565,0,31.31
6103,1283,2398,20240701,175369.33,55271.41,120097.92,1753,0,35.07
6104,1673,2936,20230111,123600.05,82576.06,41023.99,1236,0,24.72
6105,1216,2309,20240727,191027.27,119556.65,71470.62,1910,0,38.21
6106,1622,2862,20240325,125833.34,59138.14,66695.2,1258,0,62.92
6107,1026,2037,20241206,141811.44,110217.21,31594.23,1418,0,70.91
6108,1186,2267,20231001,136600.51,129315.81,7284.7,1366,0,27.32
6109,1183,2262,20230210,125983.67,133435.87,0,1259,0,25.2
6110,1002,2003,20231122,131636.76,97055.3,34581.46,1316,0,100
6111,1436,2609,20240815,38490.92,20368.59,18122.33,384,0,38.49
6112,1667,2930,20230411,75550.71,30083.07,45467.64,755,0,25.18
6113,1184,2264,20230706,34859.78,13993.47,20866.31,348,0,6.97
6114,1241,2345,20230305,16504.65,6840.07,9664.58,165,0,3.3
6115,1262,2372,20230611,144524.32,141373.29,3151.03,1445,0,100
6116,1182,2260,20240805,115954.58,105941.78,10012.8,1159,0,100
6117,1520,2722,20231017,196228.97,146272.75,49956.22,1962,0,65.41
6118,1521,2725,20230626,28362.77,26715.07,1647.7,283,0,5.67
6119,1127,2180,20230406,11428.96,11248.24,180.72,114,0,5.71
6120,1554,2773,20241129,29248.33,11191.84,18056.49,292,0,29.25
6121,1544,2759,20240529,128664.1,154394.05,0,1286,0,25.73
6122,1262,2372,20231028,186512.63,201146.0,0,1865,0,100
6123,1532,2739,20241229,130864.16,115539.61,15324.55,1308,0,100
6124,1183,2262,20240912,157845.62,170780.06,0,1578,0,31.57
6125,1862,3184,20230905,5288.6,2091.61,3196.99,52,0,2.64
6126,1152,2219,20231223,55995.27,63237.8,0,559,0,56.0
6127,1172,2248,20241208,89728.4,31105.48,58622.92,897,0,44.86
6128,1475,2663,20230102,187870.0,219026.19,0,1878,0,62.62
6129,1198,2284,20240221,53210.97,32625.93,20585.04,532,0,53.21
6130,1205,2296,20241006,6100.76,4834.06,1266.7,61,0,3.05
6131,1260,2370,20230715,87247.16,55076.86,32170.3,872,0,17.45
6132,1305,2429,20230514,75276.83,65812.97,9463.86,752,0,15.06
6133,1185,2266,20241014,63765.61,39260.16,24505.45,637,0,21.26
6134,1808,3108,20240311,89490.76,94550.91,0,894,0,44.75
6135,1200,2286,20240923,62831.17,34177.08,28654.09,628,0,31.42
6136,1041,2058,20230822,5325.47,6281.47,0,53,0,1.07
6137,1789,3084,20231125,159767.2,83600.43,76166.77,1597,0,53.26
6138,1241,2345,20241007,117078.07,120033.66,0,1170,0,23.42
6139,1801,3100,20230117,79811.78,54495.29,25316.49,798,0,26.6
6140,1896,3230,20240718,168134.51,175652.36,0,1681,0,84.07
6141,1272,2384,20241229,134768.84,148309.76,0,1347,0,67.38
6142,1200,2286,20231023,9975.05,3118.13,6856.92,99,0,4.99
6143,1701,2971,20240314,172936.51,174158.57,0,1729,0,86.47
6144,1386,2542,20241203,13086.23,7686.05,5400.18,130,0,6.54
6145,1766,3054,20230619,69148.15,54393.75,14754.4,691,0,34.57
6146,1172,2248,20240222,3616.01,2166.33,1449.68,36,0,1.81
6147,1279,2393,20240716,13931.39,15467.84,0,139,0,4.64
6148,1061,2083,20241110,148727.59,84923.88,63803.71,1487,0,29.75
6149,1806,3106,20240510,29971.07,12332.15,17638.92,299,0,14.99
6150,1693,2959,20231118,164893.74,82535.08,82358.66,1648,0,54.96
6151,1609,2847,20230716,109341.77,113314.85,0,1093,0,36.45
6152,1042,2059,20240303,120670.61,91054.76,29615.85,1206,0,24.13
6153,1294,2412,20230501,11027.27,10376.2,651.07,110,0,2.21
6154,1080,2111,20241205,31397.64,27579.62,3818.02,313,0,10.47
6155,1693,2959,20231213,123257.9,38059.24,85198.66,1232,0,41.09
6156,1282,2397,20230919,11307.98,8858.69,2449.29,113,0,3.77
6157,1609,2847,20240101,147111.43,151943.5,0,1471,0,49.04
6158,1118,2168,20230921,140079.28,139887.8,191.48,1400,0,100
6159,1576,2803,20230915,197702.73,112095.81,85606.92,1977,0,98.85
6160,1493,2687,20241203,4481.29,2844.84,1636.45,44,0,4.48
6161,1522,2726,20231004,188182.83,71166.46,117016.37,1881,0,37.64
6162,1317,2445,20230411,161433.36,177560.86,0,1614,0,100
6163,1452,2631,20231004,181945.41,84671.86,97273.55,1819,0,90.97
6164,1356,2495,20241001,127489.61,76691.24,50798.37,1274,0,42.5
6165,1881,3208,20231031,31901.61,36855.51,0,319,0,31.9
6166,1712,2986,20230104,170579.02,145608.78,24970.24,1705,0,100
6167,1523,2727,20230124,113947.69,115308.01,0,1139,0,22.79
6168,1494,2688,20240628,130799.38,83954.0,46845.38,1307,0,26.16
6169,1452,2631,20240320,40250.09,32108.68,8141.41,402,0,20.13
6170,1245,2351,20230114,199505.79,237441.93,0,1995,0,39.9
6171,1237,2338,20230415,33666.33,13742.7,19923.63,336,0,16.83
6172,1892,3224,20240126,32688.14,38736.28,0,326,0,6.54
6173,1123,2175,20240121,74469.21,82521.06,0,744,0,24.82
6174,1630,2875,20230817,178302.28,121849.53,56452.75,1783,0,89.15
6175,1334,2467,20230219,187035.77,105837.22,81198.55,1870,0,93.52
6176,1284,2399,20231124,116611.32,126536.64,0,1166,0,100
6177,1118,2168,20240210,164576.25,51254.01,113322.24,1645,0,100
6178,1621,2861,20240218,113822.65,121152.06,0,1138,0,37.94
6179,1406,2568,20240329,199510.17,120940.08,78570.09,1995,0,39.9
6180,1205,2296,20241126,166971.09,107660.52,59310.57,1669,0,83.49
6181,1217,2311,20240430,174153.32,93319.09,80834.23,1741,0,100
6182,1149,2214,20230506,161663.88,177566.84,0,1616,0,53.89
6183,1621,2861,20241204,79263.63,46282.26,32981.37,792,0,26.42
6184,1808,3108,20231114,3713.36,1824.61,1888.75,37,0,1.86
6185,1670,2933,20231215,102241.93,41214.23,61027.7,1022,0,100
6186,1173,2250,20230227,85063.23,88571.5,0,850,0,28.35
6187,1803,3102,20240905,45869.33,50311.0,0,458,0,22.93
6188,1273,2386,20240821,128874.88,146436.69,0,1288,0,42.96
6189,1339,2474,20231018,40969.71,34436.84,6532.87,409,0,8.19
6190,1252,2359,20230327,69587.5,32502.19,37085.31,695,0,23.2
6191,1312,2438,20240904,154227.99,107895.02,46332.97,1542,0,30.85
6192,1472,2659,20240526,147636.06,73972.72,73663.34,1476,0,73.82
6193,1378,2529,20230227,24038.7,27885.44,0,240,0,12.02
6194,1754,3041,20240128,154728.36,52701.77,102026.59,1547,0,100
6195,1325,2454,20231209,8272.39,4925.43,3346.96,82,0,4.14
6196,1149,2214,20241119,148175.33,132898.44,15276.89,1481,0,49.39
6197,1620,2860,20240917,144475.74,113576.45,30899.29,1444,0,100
6198,1092,2127,20230422,102738.98,59647.21,43091.77,1027,0,51.37
6199,1493,2687,20240121,2237.64,1724.58,513.06,22,0,2.24
6200,1640,2890,20240205,61870.02,63059.49,0,618,0,12.37
6201,1048,2067,20240120,175417.26,84626.77,90790.49,1754,0,100
6202,1245,2351,20230514,107933.72,74251.41,33682.31,1079,0,21.59
6203,1262,2372,20240526,20599.5,17705.13,2894.37,205,0,20.6
6204,1200,2286,20240412,45518.16,29520.95,15997.21,455,0,22.76
6205,1553,2772,20240304,91952.38,110342.68,0,919,0,45.98
6206,1092,2127,20241127,155432.32,52823.94,102608.38,1554,0,77.72
6207,1865,3188,20240524,136440.19,133982.5,2457.69,1364,0,45.48
6208,1288,2404,20240118,142785.71,95797.78,46987.93,1427,0,71.39
6209,1399,2559,20241216,87064.01,53750.76,33313.25,870,0,87.06
6210,1814,3118,20240302,51774.55,57372.38,0,517,0,10.35
6211,1230,2328,20230423,189387.37,169182.65,20204.72,1893,0,94.69
6212,1186,2267,20230919,172347.85,142001.35,30346.5,1723,0,34.47
6213,1386,2542,20240404,35684.6,32837.53,2847.07,356,0,17.84
6214,1128,2183,20240316,54905.94,51941.74,2964.2,549,0,27.45
6215,1273,2386,20230409,60949.37,47100.53,13848.84,609,0,20.32
6216,1112,2159,20240815,119494.27,134823.85,0,1194,0,39.83
6217,1839,3153,20240729,49607.11,38070.41,11536.7,496,0,9.92
6218,1037,2053,20230113,44997.22,23178.16,21819.06,449,0,15.0
6219,1173,2250,20240208,153078.37,179483.47,0,1530,0,51.03
6220,1027,2040,20230717,165119.21,145739.99,19379.22,1651,0,82.56
6221,1067,2093,20230330,120277.02,57651.96,62625.06,1202,0,100
6222,1672,2935,20240211,114161.87,105114.19,9047.68,1141,0,100
6223,1500,2697,20240302,148505.14,56107.02,92398.12,1485,0,29.7
6224,1074,2103,20230114,188816.66,197924.87,0,1888,0,100
6225,1775,3066,20240624,77596.84,62059.85,15536.99,775,0,15.52
6226,1051,2070,20230226,161573.09,160412.17,1160.92,1615,0,100
6227,1148,2213,20230318,79806.89,69618.38,10188.51,798,0,15.96
6228,1148,2213,20230104,80077.08,47653.13,32423.95,800,0,16.02
6229,1587,2818,20240810,187187.49,71006.69,116180.8,1871,0,37.44
6230,1032,2047,20240611,157497.77,120247.9,37249.87,1574,0,31.5
6231,1026,2037,20241030,96216.3,51557.16,44659.14,962,0,48.11
6232,1862,3184,20240626,141974.58,74931.04,67043.54,1419,0,70.99
6233,1084,2117,20231104,152875.21,79410.05,73465.16,1528,0,50.96
6234,1803,3102,20230809,108154.06,90690.96,17463.1,1081,0,54.08
6235,1200,2286,20240804,138001.25,83420.8,54580.45,1380,0,69.0
6236,1443,2618,20241203,54478.66,54952.43,0,544,0,27.24
6237,1043,2060,20240324,181457.58,87466.34,93991.24,1814,0,60.49
6238,1105,2148,20240828,149575.02,88270.98,61304.04,1495,0,74.79
6239,1690,2956,20231011,140327.69,142281.3,0,1403,0,70.16
6240,1777,3069,20231030,74185.17,64994.07,9191.1,741,0,14.84
6241,1754,3041,20240320,43638.03,27179.65,16458.38,436,0,43.64
6242,1198,2284,20240226,39884.95,27683.15,12201.8,398,0,39.88
6243,1767,3056,20230402,194712.31,100883.4,93828.91,1947,0,38.94
6244,1295,2413,20240210,110631.93,58070.79,52561.14,1106,0,22.13
6245,1548,2763,20230210,146596.11,127457.85,19138.26,1465,0,100
6246,1104,2146,20231204,135656.17,143433.68,0,1356,0,100
6247,1374,2522,20230729,24774.57,26356.47,0,247,0,24.77
6248,1224,2321,20230725,145660.16,96806.58,48853.58,1456,0,100
6249,1184,2264,20230926,163158.91,84087.01,79071.9,1631,0,32.63
6250,1778,3070,20230627,4300.24,5101.1,0,43,0,1.43
6251,1863,3185,20240923,26626.08,9637.97,16988.11,266,0,26.63
6252,1754,3041,20240125,101339.56,78809.99,22529.57,1013,0,100
6253,1789,3084,20241113,133076.18,93704.42,39371.76,1330,0,44.36
6254,1200,2286,20240114,80874.64,82372.64,0,808,0,40.44
6255,1541,2753,20230503,135455.8,46745.44,88710.36,1354,0,45.15
6256,1692,2958,20240504,6911.48,6836.09,75.39,69,0,3.46
6257,1672,2935,20240716,115233.69,82781.81,32451.88,1152,0,100
6258,1406,2568,20241021,182125.63,215912.75,0,1821,0,36.43
6259,1338,2472,20240108,190662.0,217165.15,0,1906,0,100
6260,1111,2157,20241218,134906.18,154630.29,0,1349,0,100
6261,1620,2860,20230731,49931.04,15828.11,34102.93,499,0,49.93
6262,1122,2173,20241214,134850.74,142888.37,0,1348,0,100
6263,1238,2339,20230313,36784.02,11748.08,25035.94,367,0,12.26
6264,1693,2959,20230613,86027.54,47729.57,38297.97,860,0,28.68
6265,1342,2478,20240709,18184.37,15187.25,2997.12,181,0,9.09
6266,1074,2103,20231217,6701.1,6380.13,320.97,67,0,6.7
6267,1420,2588,20230214,80669.57,61055.35,19614.22,806,0,26.89
6268,1567,2790,20231009,28190.48,31105.79,0,281,0,9.4
6269,1545,2760,20241005,16274.81,11192.55,5082.26,162,0,16.27
6270,1336,2469,20230316,162850.76,177404.54,0,1628,0,32.57
6271,1378,2529,20240522,110532.17,85694.06,24838.11,1105,0,55.27
6272,1351,2490,20241128,195188.25,126490.84,68697.41,1951,0,97.59
6273,1856,3176,20240213,106662.58,91107.71,15554.87,1066,0,53.33
6274,1084,2117,20240514,42544.91,13323.29,29221.62,425,0,14.18
6275,1892,3224,20240520,58836.43,40554.29,18282.14,588,0,11.77
6276,1410,2574,20240603,133071.73,41940.78,91130.95,1330,0,100
6277,1244,2348,20241119,90740.72,50291.2,40449.52,907,0,90.74
6278,1553,2772,20230917,33591.18,17506.43,16084.75,335,0,16.8
6279,1854,3173,20230626,20397.91,16792.92,3604.99,203,0,4.08
6280,1351,2490,20231223,155452.96,142618.1,12834.86,1554,0,77.73
6281,1799,3097,20240607,118422.97,60295.27,58127.7,1184,0,39.47
6282,1182,2260,20230220,182156.84,59345.1,122811.74,1821,0,100
6283,1810,3111,20230814,199950.89,101255.74,98695.15,1999,0,39.99
6284,1612,2850,20240407,152762.12,177126.92,0,1527,0,76.38
6285,1027,2040,20241222,51171.22,37415.05,13756.17,511,0,25.59
6286,1367,2512,20231210,59045.55,61623.24,0,590,0,11.81
6287,1490,2683,20241129,150463.93,151066.93,0,1504,0,30.09
6288,1027,2040,20230811,186036.17,124624.54,61411.63,1860,0,93.02
6289,1383,2536,20241007,16827.47,20167.2,0,168,0,8.41
6290,1673,2936,20240529,9104.41,9128.31,0,91,0,1.82
6291,1777,3069,20231219,126408.17,129233.09,0,1264,0,25.28
6292,1504,2703,20231223,157651.9,130404.9,27247.0,1576,0,31.53
6293,1640,2890,20230926,116487.36,65035.29,51452.07,1164,0,23.3
6294,1026,2037,20230923,65943.99,30044.88,35899.11,659,0,32.97
6295,1893,3225,20230411,155174.93,52101.45,103073.48,1551,0,51.72
6296,1855,3174,20240617,80560.24,67771.22,12789.02,805,0,26.85
6297,1393,2551,20230309,110406.8,60904.47,49502.33,1104,0,100
6298,1123,2175,20231127,146909.9,52341.62,94568.28,1469,0,48.97
6299,1158,2229,20240718,135450.96,133641.21,1809.75,1354,0,67.73
6300,1177,2254,20231201,80830.57,38363.9,42466.67,808,0,80.83
6301,1188,2269,20230702,168931.98,114971.15,53960.83,1689,0,56.31
6302,1055,2076,20231215,181579.11,174497.18,7081.93,1815,0,100
6303,1871,3194,20231212,169637.4,102069.94,67567.46,1696,0,56.55
6304,1670,2933,20240205,92586.02,45561.34,47024.68,925,0,92.59
6305,1051,2070,20230529,173215.11,69301.58,103913.53,1732,0,100
6306,1244,2348,20231126,112782.57,42161.97,70620.6,1127,0,100
6307,1426,2596,20240917,116016.86,87762.61,28254.25,1160,0,58.01
6308,1481,2670,20241206,142386.76,112532.97,29853.79,1423,0,71.19
6309,1587,2818,20240904,119273.1,90817.7,28455.4,1192,0,23.85
6310,1233,2332,20240305,188401.3,190403.3,0,1884,0,100
6311,1101,2141,20230813,97509.27,31677.91,65831.36,975,0,32.5
6312,1738,3019,20230618,40268.86,37094.99,3173.87,402,0,40.27
6313,1896,3230,20231011,89695.02,107097.6,0,896,0,44.85
6314,1218,2312,20230707,26650.34,12555.07,14095.27,266,0,13.33
6315,1865,3188,20240707,148944.82,140959.2,7985.62,1489,0,49.65
6316,1152,2219,20230518,69442.75,45241.68,24201.07,694,0,69.44
6317,1778,3070,20240530,74294.69,30246.12,44048.57,742,0,24.76
6318,1776,3067,20240421,167041.59,107817.26,59224.33,1670,0,83.52
6319,1173,2250,20240922,194275.44,149834.91,44440.53,1942,0,64.76
6320,1695,2962,20241028,147406.09,105861.83,41544.26,1474,0,49.14
6321,1686,2952,20230406,104175.16,85045.32,19129.84,1041,0,52.09
6322,1241,2345,20241203,143269.45,142634.6,634.85,1432,0,28.65
6323,1410,2574,20230514,87306.19,82253.69,5052.5,873,0,87.31
6324,1077,2108,20231207,132676.84,146980.53,0,1326,0,44.23
6325,1808,3108,20241011,128359.25,81794.72,46564.53,1283,0,64.18
6326,1497,2693,20240605,159042.46,158639.55,402.91,1590,0,100
6327,1472,2659,20230102,60609.35,59712.5,896.85,606,0,30.3
6328,1383,2536,20240530,99577.06,112865.71,0,995,0,49.79
6329,1554,2773,20240407,63850.62,62256.78,1593.84,638,0,63.85
6330,1711,2984,20240727,103879.12,60321.65,43557.47,1038,0,100
6331,1567,2790,20240828,165319.2,149647.3,15671.9,1653,0,55.11
6332,1128,2183,20230727,98196.65,46082.62,52114.03,981,0,49.1
6333,1252,2359,20241105,61304.23,21256.43,40047.8,613,0,20.43
6334,1141,2202,20231114,58023.41,47202.23,10821.18,580,0,58.02
6335,1104,2146,20230125,104662.14,44630.72,60031.42,1046,0,100
6336,1810,3111,20240101,122426.8,48754.54,73672.26,1224,0,24.49
6337,1186,2267,20231120,95825.43,86360.72,9464.71,958,0,19.17
6338,1759,3046,20241222,55938.17,43503.13,12435.04,559,0,55.94
6339,1238,2339,20230323,161327.18,50227.89,111099.29,1613,0,53.78
6340,1519,2721,20241122,177200.42,124504.69,52695.73,1772,0,59.07
6341,1061,2083,20240811,10485.29,4635.0,5850.29,104,0,2.1
6342,1453,2632,20240117,31285.82,37310.45,0,312,0,15.64
6343,1185,2266,20231228,81693.66,43067.49,38626.17,816,0,27.23
6344,1331,2463,20240229,160198.4,168933.47,0,1601,0,53.4
6345,1227,2324,20240310,84312.35,51876.89,32435.46,843,0,42.16
6346,1622,2862,20241020,186059.2,126239.41,59819.79,1860,0,93.03
6347,1872,3195,20230714,88636.11,30418.59,58217.52,886,0,44.32
6348,1079,2110,20230222,113629.08,127655.13,0,1136,0,56.81
6349,1644,2897,20240510,155603.62,96157.87,59445.75,1556,0,77.8
6350,1893,3225,20231217,155270.12,109899.91,45370.21,1552,0,51.76
6351,1386,2542,20240414,19508.81,7658.03,11850.78,195,0,9.75
6352,1111,2157,20241214,128854.52,110296.93,18557.59,1288,0,100
6353,1107,2150,20240713,17095.01,13748.12,3346.89,170,0,5.7
6354,1544,2759,20240104,110421.3,111478.34,0,1104,0,22.08
6355,1759,3046,20230830,120802.69,86959.57,33843.12,1208,0,100
6356,1407,2570,20240530,129926.37,46890.59,83035.78,1299,0,64.96
6357,1621,2861,20230322,69593.21,46075.11,23518.1,695,0,23.2
6358,1260,2370,20230110,190622.79,199323.0,0,1906,0,38.12
6359,1399,2559,20241224,157122.96,158687.22,0,1571,0,100
6360,1475,2663,20240320,131476.17,145435.31,0,1314,0,43.83
6361,1554,2773,20230226,39544.27,27672.35,11871.92,395,0,39.54
6362,1016,2024,20230306,185322.77,106065.86,79256.91,1853,0,37.06
6363,1312,2438,20230225,29204.18,31379.45,0,292,0,5.84
6364,1478,2666,20230811,94701.07,110642.91,0,947,0,31.57
6365,1288,2404,20241026,85286.87,94771.27,0,852,0,42.64
6366,1169,2244,20240428,1821.45,698.6,1122.85,18,0,0.61
6367,1205,2296,20241202,4582.73,2901.7,1681.03,45,0,2.29
6368,1707,2980,20241001,26633.79,17283.56,9350.23,266,0,5.33
6369,1238,2339,20240202,27671.15,32841.87,0,276,0,9.22
6370,1343,2479,20230525,173854.64,91504.15,82350.49,1738,0,34.77
6371,1896,3230,20240323,46611.21,20159.77,26451.44,466,0,23.31
6372,1881,3208,20230515,198930.01,79296.14,119633.87,1989,0,100
6373,1041,2058,20230503,118028.12,108448.28,9579.84,1180,0,23.61
6374,1544,2759,20240109,118386.54,55958.09,62428.45,1183,0,23.68
6375,1587,2818,20241120,86225.66,64504.0,21721.66,862,0,17.25
6376,1443,2618,20240621,183783.4,197657.95,0,1837,0,91.89
6377,1200,2286,20231206,137422.44,151760.91,0,1374,0,68.71
6378,1878,3205,20230810,43457.12,17747.9,25709.22,434,0,21.73
6379,1869,3192,20230722,152589.47,121807.56,30781.91,1525,0,100
6380,1230,2328,20240925,37434.76,34799.03,2635.73,374,0,18.72
6381,1801,3100,20231110,19442.39,9392.37,10050.02,194,0,6.48
6382,1817,3122,20240117,184626.62,102846.73,81779.89,1846,0,92.31
6383,1443,2618,20231210,138148.75,101907.03,36241.72,1381,0,69.07
6384,1595,2830,20230707,59696.98,23968.77,35728.21,596,0,11.94
6385,1301,2424,20240926,9072.22,6614.84,2457.38,90,0,1.81
6386,1230,2328,20240820,123197.78,49964.27,73233.51,1231,0,61.6
6387,1158,2229,20241207,94475.98,36680.06,57795.92,944,0,47.24
6388,1803,3102,20240522,150420.68,145258.3,5162.38,1504,0,75.21
6389,1667,2930,20230101,55914.96,55813.17,101.79,559,0,18.64
6390,1519,2721,20231217,100123.18,55444.9,44678.28,1001,0,33.37
6391,1877,3203,20230824,93741.32,66488.08,27253.24,937,0,31.25
6392,1244,2348,20241205,115523.09,70556.47,44966.62,1155,0,100
6393,1789,3084,20230919,63151.67,51308.86,11842.81,631,0,21.05
6394,1831,3140,20230617,183566.98,117464.88,66102.1,1835,0,91.78
6395,1520,2722,20231025,130194.03,113714.28,16479.75,1301,0,43.4
6396,1369,2516,20240903,33276.54,36193.65,0,332,0,33.28
6397,1104,2146,20230528,198259.16,187679.57,10579.59,1982,0,100
6398,1644,2897,20231116,149148.81,51604.83,97543.98,1491,0,74.57
6399,1862,3184,20240604,184632.11,114318.69,70313.42,1846,0,92.32
6400,1893,3225,20230123,187850.92,168530.62,19320.3,1878,0,62.62
