deposit_id,customer_id,account_id,product_id,date_id,deposit_amount,maturity_amount,interest_earned,deposit_type,status
5001,1885,3213,3002,20240627,1613467.75,1686546.35,73078.6,FD,Matured
5002,1553,2772,3001,20230602,141817.95,147786.32,5968.37,FD,Active
5003,1328,2459,3002,20240503,1369137.1,1450091.04,80953.94,Savings,Active
5004,1503,2701,3002,20230528,806096.87,851086.78,44989.91,FD,Active
5005,1171,2247,3002,20230104,431566.13,461149.0,29582.87,RD,Active
5006,1273,2386,3002,20240501,1874643.89,1967539.59,92895.7,RD,Active
5007,1829,3138,3002,20230617,1486317.01,1555642.17,69325.16,FD,Matured
5008,1427,2597,3002,20240410,1910061.18,2018062.52,108001.34,FD,Matured
5009,1162,2234,3002,20230304,424963.35,440947.26,15983.91,FD,Active
5010,1397,2556,3001,20230710,249480.16,265560.69,16080.53,FD,Active
5011,1789,3084,3002,20240826,1624563.93,1700819.3,76255.37,Savings,Active
5012,1755,3042,3001,20231014,458894.03,479064.2,20170.17,Savings,Closed
5013,1749,3036,3002,20240904,1395002.03,1451507.25,56505.22,FD,Active
5014,1812,3115,3001,20240812,1320443.42,1369300.05,48856.63,Savings,Active
5015,1040,2057,3002,20240826,1896555.31,1976051.71,79496.4,RD,Matured
5016,1655,2912,3002,20240527,1512010.41,1605109.1,93098.69,Savings,Active
5017,1429,2599,3001,20230318,1012187.35,1065988.38,53801.03,FD,Matured
5018,1106,2149,3001,20240128,1935431.72,2047578.01,112146.29,RD,Active
5019,1226,2323,3001,20230219,1691248.34,1804339.99,113091.65,Savings,Active
5020,1474,2662,3002,20231104,1051408.95,1122087.82,70678.87,Savings,Active
5021,1636,2884,3002,20240923,529474.98,564052.28,34577.3,RD,Matured
5022,1607,2844,3001,20241024,1553545.16,1665935.58,112390.42,Savings,Active
5023,1398,2558,3001,20241220,1890697.82,1998061.08,107363.26,RD,Active
5024,1136,2194,3002,20230826,1615176.4,1699286.83,84110.43,RD,Matured
5025,1464,2650,3001,20240930,777509.89,831581.01,54071.12,Savings,Active
5026,1245,2351,3001,20230119,728878.87,754715.51,25836.64,Savings,Active
5027,1573,2799,3001,20241227,1907382.15,1991797.92,84415.77,FD,Active
5028,1053,2073,3001,20240415,1832981.32,1955339.03,122357.71,Savings,Active
5029,1005,2008,3001,20240524,1706480.8,1829001.93,122521.13,Savings,Active
5030,1744,3029,3001,20240612,753615.12,801280.18,47665.06,FD,Active
5031,1268,2378,3001,20240719,17294.08,18515.22,1221.14,RD,Active
5032,1149,2214,3001,20241126,595424.26,625503.57,30079.31,Savings,Active
5033,1714,2989,3002,20230405,1400845.53,1470013.91,69168.38,Savings,Active
5034,1420,2588,3002,20231230,1630571.85,1707124.39,76552.54,Savings,Active
5035,1832,3142,3001,20240807,403453.55,433212.38,29758.83,FD,Matured
5036,1272,2384,3001,20230711,1781298.63,1849179.22,67880.59,Savings,Active
5037,1261,2371,3002,20240331,343289.55,358184.0,14894.45,Savings,Active
5038,1567,2791,3001,20241126,1363630.65,1459281.01,95650.36,RD,Active
5039,1833,3144,3002,20240424,105674.89,111995.58,6320.69,FD,Active
5040,1869,3192,3002,20230526,1901401.74,2002884.25,101482.51,RD,Active
5041,1258,2366,3001,20240528,1683463.33,1747620.66,64157.33,RD,Active
5042,1554,2773,3002,20230826,237855.28,255165.12,17309.84,RD,Active
5043,1082,2114,3002,20240426,772367.18,820054.68,47687.5,Savings,Active
5044,1164,2237,3001,20241025,1380973.94,1453065.81,72091.87,FD,Matured
5045,1223,2319,3001,20230912,645953.42,672205.22,26251.8,Savings,Active
5046,1104,2146,3002,20231211,1411020.25,1470900.55,59880.3,RD,Active
5047,1152,2219,3001,20240105,1999777.48,2121500.55,121723.07,Savings,Active
5048,1259,2367,3001,20230713,1576224.01,1652406.03,76182.02,RD,Active
5049,1338,2473,3001,20240331,645801.95,686911.92,41109.97,Savings,Active
5050,1432,2603,3002,20230127,1312785.01,1368014.11,55229.1,RD,Active
5051,1631,2877,3002,20241123,313691.25,336822.61,23131.36,Savings,Active
5052,1197,2281,3002,20241210,1711799.87,1799467.18,87667.31,FD,Active
5053,1832,3142,3002,20240625,1247597.11,1313859.48,66262.37,RD,Active
5054,1597,2832,3002,20240904,1460956.82,1544065.87,83109.05,RD,Active
5055,1132,2188,3002,20230315,523128.75,553543.34,30414.59,FD,Active
5056,1673,2936,3001,20241106,515271.89,544444.96,29173.07,Savings,Active
5057,1898,3232,3002,20240611,1082446.86,1121444.45,38997.59,Savings,Active
5058,1146,2210,3002,20240924,679327.37,729234.43,49907.06,FD,Active
5059,1512,2712,3001,20241210,1391885.28,1475315.82,83430.54,RD,Active
5060,1779,3071,3001,20240814,1286360.07,1334152.56,47792.49,Savings,Active
5061,1474,2662,3001,20230826,16386.36,16979.89,593.53,RD,Closed
5062,1263,2373,3001,20241030,841500.65,894037.26,52536.61,RD,Closed
5063,1320,2448,3001,20230109,1533627.85,1645159.56,111531.71,Savings,Matured
5064,1015,2022,3002,20240109,756541.32,804091.81,47550.49,RD,Active
5065,1229,2327,3002,20240620,1234830.3,1292786.71,57956.41,FD,Active
5066,1096,2133,3002,20240324,572497.44,603268.3,30770.86,RD,Matured
5067,1499,2695,3001,20241219,178328.54,189050.15,10721.61,Savings,Active
5068,1430,2600,3002,20230714,363276.83,379277.42,16000.59,FD,Active
5069,1596,2831,3001,20230916,1622507.89,1724743.86,102235.97,Savings,Closed
5070,1474,2662,3001,20230822,1276941.12,1332069.13,55128.01,Savings,Active
5071,1788,3083,3002,20240617,256330.97,269905.72,13574.75,Savings,Active
5072,1278,2391,3002,20240801,1621921.08,1695732.16,73811.08,Savings,Active
5073,1793,3088,3002,20230718,1422701.96,1524437.37,101735.41,RD,Matured
5074,1106,2149,3001,20240718,1509815.97,1570620.95,60804.98,RD,Active
5075,1207,2298,3001,20230529,1531821.15,1598110.89,66289.74,FD,Active
5076,1260,2370,3001,20230810,1995924.65,2098487.99,102563.34,RD,Active
5077,1169,2244,3001,20230205,287640.19,302971.07,15330.88,Savings,Matured
5078,1344,2480,3001,20240810,1654268.32,1752848.61,98580.29,Savings,Active
5079,1150,2217,3002,20240709,1003453.6,1067501.04,64047.44,Savings,Active
5080,1896,3230,3001,20240429,856035.45,919197.17,63161.72,RD,Matured
5081,1548,2763,3002,20240106,790127.94,846695.31,56567.37,RD,Active
5082,1543,2757,3002,20240912,1860519.95,1984008.61,123488.66,Savings,Active
5083,1128,2182,3001,20241214,1521739.73,1587907.86,66168.13,RD,Active
5084,1113,2161,3002,20240205,1437044.36,1526709.26,89664.9,Savings,Active
5085,1773,3063,3001,20231002,235751.92,252924.89,17172.97,FD,Active
5086,1151,2218,3001,20231004,1703731.39,1800909.28,97177.89,FD,Active
5087,1642,2892,3002,20240406,806719.08,857184.26,50465.18,RD,Active
5088,1364,2506,3002,20231127,1086061.74,1162548.25,76486.51,Savings,Active
5089,1877,3202,3002,20240810,618792.72,654794.69,36001.97,FD,Active
5090,1528,2735,3002,20231014,797257.55,829819.52,32561.97,FD,Active
5091,1775,3065,3002,20240902,106455.63,113075.33,6619.7,Savings,Active
5092,1580,2808,3001,20230101,935241.07,975231.78,39990.71,Savings,Active
5093,1516,2716,3002,20230824,333959.13,353394.33,19435.2,FD,Active
5094,1397,2556,3002,20230304,290768.97,306681.99,15913.02,Savings,Active
5095,1240,2343,3001,20241223,1873867.82,1991633.77,117765.95,FD,Active
5096,1107,2150,3001,20240118,1843268.14,1918097.62,74829.48,FD,Active
5097,1776,3067,3001,20231108,850649.08,896965.97,46316.89,FD,Active
5098,1100,2139,3001,20230401,1681882.24,1796946.92,115064.68,RD,Active
5099,1668,2931,3002,20241024,1507664.06,1561359.88,53695.82,RD,Active
5100,1775,3066,3001,20230119,1385633.01,1455683.58,70050.57,RD,Active
5101,1004,2006,3001,20230910,974360.56,1031090.37,56729.81,Savings,Matured
5102,1238,2339,3002,20230408,614020.71,658841.3,44820.59,RD,Active
5103,1458,2641,3002,20230626,622235.7,650070.33,27834.63,FD,Active
5104,1692,2958,3001,20231018,1849420.99,1921740.24,72319.25,Savings,Active
5105,1570,2795,3002,20241225,1769730.82,1846200.03,76469.21,RD,Active
5106,1318,2446,3002,20230313,680861.3,727137.33,46276.03,Savings,Active
5107,1615,2853,3002,20230902,1825330.23,1927832.92,102502.69,FD,Active
5108,1893,3226,3002,20240413,697018.61,729596.14,32577.53,Savings,Matured
5109,1829,3138,3002,20230905,1529632.23,1592389.98,62757.75,FD,Active
5110,1536,2746,3002,20240603,389285.92,416675.19,27389.27,Savings,Matured
5111,1676,2939,3002,20230204,1514790.5,1590857.53,76067.03,FD,Closed
5112,1481,2670,3001,20240502,1645223.52,1761376.87,116153.35,RD,Active
5113,1819,3125,3002,20240705,187414.7,201238.53,13823.83,FD,Matured
5114,1287,2403,3002,20230130,1621139.75,1725473.63,104333.88,RD,Active
5115,1793,3088,3001,20241001,1670167.79,1757474.56,87306.77,Savings,Active
5116,1313,2439,3002,20230807,505758.36,526635.7,20877.34,FD,Matured
5117,1606,2843,3001,20241026,501439.85,521762.97,20323.12,FD,Closed
5118,1403,2564,3002,20241202,1294909.99,1361167.86,66257.87,RD,Active
5119,1603,2840,3002,20230916,63709.59,66873.18,3163.59,Savings,Matured
5120,1633,2880,3001,20240127,1813836.05,1941528.71,127692.66,FD,Matured
5121,1098,2136,3002,20230816,1521628.29,1615982.09,94353.8,RD,Active
5122,1784,3078,3001,20230709,1730777.35,1803070.27,72292.92,Savings,Active
5123,1277,2390,3002,20230218,1467956.94,1522758.39,54801.45,Savings,Active
5124,1112,2159,3001,20241210,838822.58,880770.63,41948.05,RD,Active
5125,1892,3224,3001,20230920,600821.58,622490.54,21668.96,Savings,Matured
5126,1450,2628,3002,20240419,1787402.49,1919441.38,132038.89,Savings,Active
5127,1366,2510,3001,20230812,1409233.7,1501209.73,91976.03,RD,Active
5128,1291,2407,3002,20240124,1210496.76,1263722.83,53226.07,RD,Active
5129,1494,2688,3002,20230630,346059.82,365230.88,19171.06,Savings,Matured
5130,1074,2103,3002,20241017,1543062.84,1656821.52,113758.68,Savings,Active
5131,1773,3063,3002,20230419,566378.4,602377.52,35999.12,FD,Active
5132,1860,3182,3002,20240915,1204609.47,1260578.95,55969.48,RD,Closed
5133,1862,3184,3002,20241210,820035.99,866824.87,46788.88,FD,Active
5134,1470,2657,3002,20230403,31268.81,33505.1,2236.29,RD,Active
5135,1484,2674,3001,20231128,1874185.04,1977513.54,103328.5,RD,Active
5136,1074,2103,3002,20230613,925689.26,992975.65,67286.39,Savings,Active
5137,1402,2563,3002,20231121,1860525.86,1927550.51,67024.65,FD,Active
5138,1364,2506,3001,20240510,847958.42,903107.78,55149.36,RD,Active
5139,1496,2691,3001,20240306,756902.11,787587.19,30685.08,RD,Active
5140,1763,3051,3001,20230717,259754.26,279155.77,19401.51,Savings,Active
5141,1787,3081,3001,20230802,1084707.65,1137036.2,52328.55,Savings,Active
5142,1141,2202,3002,20231029,737189.71,790447.9,53258.19,FD,Active
5143,1020,2029,3002,20240712,1626558.66,1697740.57,71181.91,RD,Active
5144,1860,3182,3001,20231025,685689.16,710760.72,25071.56,FD,Active
5145,1324,2453,3001,20240213,768673.18,808103.87,39430.69,RD,Active
5146,1526,2731,3002,20240805,1286228.12,1342109.2,55881.08,FD,Active
5147,1669,2932,3002,20240623,1027648.0,1070319.03,42671.03,RD,Closed
5148,1847,3163,3001,20230622,223545.71,236224.3,12678.59,FD,Active
5149,1681,2945,3001,20240705,1337660.37,1421962.23,84301.86,RD,Active
5150,1873,3196,3002,20240921,1215871.98,1302780.96,86908.98,RD,Matured
5151,1881,3208,3002,20240719,1909805.33,2048073.01,138267.68,FD,Closed
5152,1265,2375,3002,20230330,1564273.82,1638791.52,74517.7,RD,Active
5153,1228,2326,3002,20241016,576964.71,601698.5,24733.79,Savings,Active
5154,1289,2405,3001,20230827,1289503.9,1356827.22,67323.32,Savings,Closed
5155,1561,2783,3002,20240210,1466382.36,1568535.99,102153.63,Savings,Active
5156,1337,2471,3002,20240729,163465.19,171861.15,8395.96,RD,Active
5157,1393,2551,3001,20240114,1027669.19,1098550.58,70881.39,Savings,Active
5158,1781,3073,3002,20240711,1355354.64,1436553.97,81199.33,FD,Matured
5159,1887,3217,3002,20230821,910423.44,975826.35,65402.91,FD,Matured
5160,1154,2223,3002,20241230,276358.43,296661.81,20303.38,RD,Active
5161,1013,2020,3002,20241001,616515.05,658805.49,42290.44,RD,Matured
5162,1825,3134,3001,20240501,1750757.26,1857721.31,106964.05,Savings,Active
5163,1596,2831,3001,20240720,1128455.38,1205272.16,76816.78,Savings,Matured
5164,1706,2978,3002,20240619,221637.11,232086.49,10449.38,Savings,Active
5165,1590,2824,3002,20240410,1110309.92,1152085.45,41775.53,FD,Active
5166,1735,3016,3002,20241020,1063536.27,1115384.52,51848.25,FD,Active
5167,1193,2275,3001,20241004,1714791.18,1828529.73,113738.55,FD,Matured
5168,1413,2578,3001,20240208,1267085.58,1342831.5,75745.92,RD,Matured
5169,1512,2712,3002,20240207,933014.92,991583.97,58569.05,RD,Active
5170,1419,2587,3002,20230422,1582642.59,1643111.34,60468.75,RD,Closed
5171,1365,2508,3002,20230209,870207.66,934968.84,64761.18,RD,Active
5172,1655,2912,3002,20230427,1608753.6,1685398.88,76645.28,FD,Closed
5173,1842,3156,3002,20230301,109227.68,113565.78,4338.1,Savings,Active
5174,1393,2550,3002,20240921,1245076.95,1309556.59,64479.64,Savings,Active
5175,1791,3086,3001,20230808,1621180.85,1689447.83,68266.98,FD,Closed
5176,1504,2703,3001,20240801,1595369.55,1662331.73,66962.18,Savings,Active
5177,1596,2831,3001,20230217,866754.92,916379.53,49624.61,FD,Active
5178,1162,2234,3002,20230504,1930503.04,2043234.77,112731.73,Savings,Active
5179,1742,3026,3001,20230316,1241120.0,1331569.68,90449.68,FD,Active
5180,1692,2958,3002,20231027,1758138.28,1846527.58,88389.3,FD,Active
5181,1500,2697,3002,20230213,868736.42,923299.3,54562.88,FD,Active
5182,1170,2246,3001,20230221,528097.21,554491.36,26394.15,FD,Active
5183,1522,2726,3002,20240925,308572.4,330015.77,21443.37,FD,Matured
5184,1054,2074,3002,20231221,1361073.75,1457837.89,96764.14,RD,Active
5185,1314,2440,3002,20231006,1280685.79,1329760.29,49074.5,FD,Active
5186,1003,2004,3002,20230528,1437630.36,1545427.95,107797.59,FD,Closed
5187,1479,2667,3001,20240526,568354.34,604716.18,36361.84,FD,Active
5188,1484,2674,3001,20240515,781706.54,812955.35,31248.81,RD,Closed
5189,1496,2691,3001,20230829,537804.13,571609.82,33805.69,FD,Active
5190,1407,2570,3001,20241121,1446328.94,1520460.33,74131.39,RD,Active
5191,1559,2780,3001,20240308,1407974.62,1466664.09,58689.47,Savings,Closed
5192,1881,3208,3002,20230306,64874.15,67405.47,2531.32,RD,Matured
5193,1727,3007,3001,20240807,1662393.06,1760625.94,98232.88,Savings,Active
5194,1564,2786,3002,20240626,152923.13,159903.16,6980.03,RD,Active
5195,1689,2955,3002,20241213,610957.42,656556.41,45598.99,Savings,Active
5196,1708,2981,3001,20231115,577387.91,600203.97,22816.06,Savings,Closed
5197,1843,3157,3002,20240315,187783.59,201581.82,13798.23,Savings,Active
5198,1090,2124,3001,20230830,1872611.56,1984635.13,112023.57,RD,Active
5199,1692,2958,3002,20230326,1530428.17,1592233.88,61805.71,FD,Active
5200,1348,2487,3002,20230603,1341143.15,1424490.61,83347.46,Savings,Matured
5201,1340,2475,3001,20240926,1691558.15,1786972.66,95414.51,FD,Closed
5202,1064,2089,3002,20231216,1026063.31,1078173.16,52109.85,RD,Matured
5203,1858,3179,3001,20240907,29524.4,30710.21,1185.81,FD,Closed
5204,1090,2124,3001,20231225,961476.68,999399.49,37922.81,FD,Matured
5205,1450,2629,3002,20240225,1846129.88,1924462.43,78332.55,Savings,Active
5206,1523,2727,3002,20230125,504270.35,538989.68,34719.33,RD,Active
5207,1056,2077,3002,20240817,1260524.35,1314059.45,53535.1,RD,Active
5208,1600,2836,3002,20230918,64480.87,68652.29,4171.42,Savings,Active
5209,1088,2121,3001,20241211,277211.51,296624.04,19412.53,FD,Active
5210,1395,2554,3002,20230309,384361.57,412235.37,27873.8,RD,Active
5211,1823,3131,3001,20231029,361289.23,375009.1,13719.87,FD,Active
5212,1495,2689,3002,20231225,1474600.54,1572213.35,97612.81,Savings,Active
5213,1180,2257,3001,20240719,236591.18,253912.89,17321.71,Savings,Closed
5214,1003,2005,3001,20230724,455680.72,481076.15,25395.43,Savings,Active
5215,1883,3211,3001,20230929,1813358.19,1941286.76,127928.57,FD,Active
5216,1367,2512,3001,20230817,734003.09,782195.74,48192.65,Savings,Active
5217,1324,2453,3001,20240519,381851.73,408732.2,26880.47,RD,Matured
5218,1761,3048,3001,20241217,1419717.02,1511765.32,92048.3,Savings,Closed
5219,1631,2877,3001,20240324,1829205.1,1940744.71,111539.61,FD,Active
5220,1053,2073,3002,20230315,983439.7,1033053.68,49613.98,Savings,Active
5221,1186,2267,3001,20230604,1463918.82,1519797.24,55878.42,FD,Matured
5222,1428,2598,3001,20230117,420891.34,444875.39,23984.05,RD,Matured
5223,1020,2028,3002,20241227,1278274.97,1365823.08,87548.11,FD,Active
5224,1828,3137,3001,20231204,1978658.42,2101518.82,122860.4,FD,Matured
5225,1529,2736,3001,20230224,1645864.17,1708714.68,62850.51,Savings,Active
5226,1147,2211,3001,20240625,1860300.95,1930832.11,70531.16,Savings,Closed
5227,1767,3055,3002,20230525,1019855.49,1082906.23,63050.74,FD,Active
5228,1024,2034,3001,20240510,1479297.77,1567559.86,88262.09,RD,Active
5229,1736,3017,3002,20230205,1769520.97,1868959.06,99438.09,RD,Active
5230,1383,2536,3001,20230712,652064.72,682929.57,30864.85,RD,Active
5231,1126,2179,3002,20230914,1348522.98,1413798.05,65275.07,RD,Active
5232,1815,3120,3002,20231015,1345485.6,1403620.26,58134.66,FD,Active
5233,1180,2258,3002,20231206,28503.08,30099.23,1596.15,FD,Active
5234,1836,3148,3002,20230409,1785184.14,1895108.87,109924.73,FD,Active
5235,1333,2465,3001,20231214,1671879.13,1782959.46,111080.33,RD,Matured
5236,1610,2848,3002,20241121,1399076.28,1479333.7,80257.42,Savings,Active
5237,1138,2198,3002,20240526,1946852.79,2040737.53,93884.74,Savings,Closed
5238,1777,3068,3002,20240321,457163.98,476636.9,19472.92,RD,Active
5239,1537,2747,3001,20230112,1872426.3,1997362.09,124935.79,RD,Active
5240,1623,2864,3002,20231019,1165479.7,1252251.44,86771.74,Savings,Active
5241,1574,2800,3002,20241125,155818.32,163063.72,7245.4,RD,Active
5242,1630,2875,3002,20230218,549114.85,574443.25,25328.4,RD,Active
5243,1708,2981,3002,20240812,485104.62,502567.94,17463.32,FD,Active
5244,1436,2609,3001,20230428,1309914.8,1396723.83,86809.03,Savings,Closed
5245,1888,3218,3001,20231124,544815.64,572799.76,27984.12,FD,Closed
5246,1476,2664,3001,20230305,1432432.84,1538188.76,105755.92,Savings,Matured
5247,1845,3159,3001,20241205,58696.4,61992.9,3296.5,RD,Active
5248,1349,2488,3001,20231007,665548.45,704881.49,39333.04,FD,Matured
5249,1846,3161,3001,20230830,460592.57,493355.46,32762.89,FD,Closed
5250,1761,3048,3002,20230721,496951.18,519828.02,22876.84,FD,Active
5251,1360,2500,3001,20240304,997599.68,1053125.81,55526.13,RD,Active
5252,1509,2709,3002,20230611,622956.81,667784.35,44827.54,FD,Closed
5253,1877,3202,3002,20230526,1693080.72,1802272.04,109191.32,Savings,Matured
5254,1436,2609,3002,20231016,725157.73,756860.52,31702.79,Savings,Active
5255,1167,2241,3001,20230728,979015.64,1049916.45,70900.81,Savings,Active
5256,1759,3046,3002,20231110,841465.93,888344.16,46878.23,FD,Active
5257,1746,3032,3001,20231215,331440.68,345544.45,14103.77,FD,Active
5258,1006,2009,3001,20230411,1340434.31,1416351.29,75916.98,RD,Active
5259,1667,2930,3001,20230118,81228.63,84166.43,2937.8,FD,Active
5260,1439,2614,3002,20230618,413858.97,435442.89,21583.92,RD,Active
5261,1752,3039,3001,20240712,149034.23,154894.45,5860.22,Savings,Matured
5262,1848,3164,3002,20230302,832084.9,872278.83,40193.93,RD,Active
5263,1801,3100,3001,20240608,102366.3,108586.38,6220.08,Savings,Closed
5264,1248,2354,3001,20230830,1030059.51,1087904.1,57844.59,FD,Active
5265,1852,3171,3001,20240202,373264.83,401007.73,27742.9,FD,Active
5266,1417,2584,3001,20240308,1652837.73,1769412.9,116575.17,Savings,Active
5267,1833,3144,3001,20231210,1744213.73,1856025.53,111811.8,FD,Active
5268,1646,2899,3001,20230501,356902.67,377025.91,20123.24,RD,Active
5269,1029,2043,3001,20230121,912216.94,966418.41,54201.47,FD,Active
5270,1657,2915,3002,20240415,1154047.61,1225263.35,71215.74,RD,Matured
5271,1387,2543,3001,20230811,1185586.16,1248834.82,63248.66,FD,Matured
5272,1725,3003,3002,20240611,680133.77,711172.83,31039.06,RD,Active
5273,1659,2919,3002,20231129,319620.0,334951.55,15331.55,RD,Active
5274,1211,2303,3001,20230912,1874890.81,1943649.42,68758.61,FD,Matured
5275,1279,2393,3001,20240126,816000.5,873332.5,57332.0,RD,Active
5276,1668,2931,3002,20230911,1294514.55,1342241.6,47727.05,RD,Active
5277,1129,2184,3002,20230113,226135.82,235281.27,9145.45,FD,Active
5278,1053,2073,3001,20240702,1470230.34,1538863.6,68633.26,Savings,Active
5279,1357,2497,3002,20241028,906661.38,956295.36,49633.98,FD,Active
5280,1786,3080,3002,20230719,1410694.73,1464643.88,53949.15,Savings,Active
5281,1246,2352,3002,20230927,1483553.85,1542956.6,59402.75,Savings,Active
5282,1727,3007,3002,20240219,80800.87,85604.7,4803.83,Savings,Active
5283,1795,3090,3001,20241023,767395.47,812870.6,45475.13,FD,Active
5284,1101,2142,3001,20231101,1092696.0,1168893.06,76197.06,FD,Active
5285,1305,2429,3001,20231115,1994667.82,2128544.0,133876.18,RD,Active
5286,1008,2012,3002,20240730,548972.66,574162.5,25189.84,Savings,Matured
5287,1387,2543,3002,20240105,862557.38,923035.01,60477.63,Savings,Active
5288,1252,2359,3001,20230216,1512042.88,1584793.7,72750.82,FD,Active
5289,1027,2040,3001,20241006,721056.5,760216.37,39159.87,FD,Active
5290,1736,3017,3001,20230124,304105.02,316077.35,11972.33,FD,Active
5291,1190,2271,3002,20230816,356376.04,369197.67,12821.63,Savings,Closed
5292,1305,2429,3002,20240419,1457644.27,1536335.73,78691.46,Savings,Active
5293,1686,2952,3002,20230602,88556.81,94146.08,5589.27,FD,Active
5294,1505,2704,3001,20240204,146701.95,154445.69,7743.74,RD,Active
5295,1510,2710,3001,20241130,1816354.11,1891773.35,75419.24,Savings,Active
5296,1890,3221,3002,20231128,1476387.36,1561754.52,85367.16,RD,Active
5297,1277,2390,3002,20230912,1859852.32,1946441.94,86589.62,Savings,Active
5298,1131,2187,3001,20230103,1030200.69,1089268.3,59067.61,RD,Active
5299,1034,2050,3002,20241027,1857657.95,1944849.79,87191.84,FD,Matured
5300,1372,2519,3002,20240815,503964.95,531620.23,27655.28,FD,Active
5301,1588,2819,3001,20231201,1914696.56,2022239.79,107543.23,Savings,Active
5302,1439,2613,3002,20240617,671314.93,704134.4,32819.47,Savings,Active
5303,1724,3000,3002,20231219,970460.48,1037279.56,66819.08,FD,Closed
5304,1486,2676,3001,20240914,714656.63,764255.1,49598.47,RD,Active
5305,1321,2449,3002,20230411,481992.34,504799.72,22807.38,RD,Active
5306,1469,2656,3002,20230926,985848.14,1022438.4,36590.26,RD,Closed
5307,1182,2261,3001,20230904,410417.56,434235.43,23817.87,RD,Active
5308,1231,2329,3001,20230608,255213.52,266890.31,11676.79,FD,Active
5309,1585,2814,3002,20240203,795291.45,829093.47,33802.02,FD,Active
5310,1594,2828,3001,20240927,827511.38,870939.91,43428.53,Savings,Closed
5311,1318,2446,3002,20240120,753841.18,789972.47,36131.29,FD,Active
5312,1195,2277,3002,20240103,1278888.24,1333474.3,54586.06,Savings,Closed
5313,1825,3134,3001,20230324,1975131.65,2122388.98,147257.33,RD,Active
5314,1715,2990,3001,20230217,257475.9,273511.04,16035.14,RD,Closed
5315,1223,2320,3002,20230715,1933992.9,2072502.13,138509.23,RD,Active
5316,1035,2051,3002,20240726,1570755.96,1658185.49,87429.53,RD,Matured
5317,1708,2981,3002,20230112,1850935.44,1979553.94,128618.5,RD,Closed
5318,1522,2726,3001,20230720,872747.87,904427.88,31680.01,FD,Active
5319,1231,2329,3001,20240517,1579095.26,1672663.86,93568.6,FD,Active
5320,1866,3189,3001,20240104,406488.81,430405.4,23916.59,Savings,Active
5321,1637,2886,3002,20241103,1035355.0,1083266.31,47911.31,FD,Active
5322,1836,3148,3002,20230702,1446100.72,1497448.36,51347.64,Savings,Matured
5323,1345,2482,3002,20240617,1146404.62,1193535.2,47130.58,Savings,Active
5324,1210,2301,3001,20230206,31713.71,33981.68,2267.97,FD,Active
5325,1389,2546,3001,20230424,465938.98,488860.36,22921.38,Savings,Active
5326,1373,2521,3001,20231220,1255635.57,1304202.37,48566.8,FD,Matured
5327,1478,2666,3001,20231105,778525.8,818831.7,40305.9,FD,Active
5328,1233,2332,3002,20240503,16169.81,16902.1,732.29,RD,Matured
5329,1092,2126,3001,20240528,116182.94,124372.81,8189.87,FD,Active
5330,1403,2564,3001,20230727,1316189.92,1387346.57,71156.65,Savings,Matured
5331,1539,2750,3002,20230930,750042.44,791044.46,41002.02,FD,Matured
5332,1093,2129,3002,20240821,23299.53,24838.32,1538.79,FD,Active
5333,1367,2512,3002,20240130,1789636.97,1887827.83,98190.86,FD,Closed
5334,1197,2282,3001,20240924,60187.36,64294.81,4107.45,FD,Matured
5335,1026,2037,3002,20230701,1828310.74,1897586.4,69275.66,FD,Active
5336,1474,2662,3001,20240203,1981543.07,2061427.02,79883.95,Savings,Active
5337,1380,2531,3002,20231030,231249.08,240539.11,9290.03,Savings,Active
5338,1514,2714,3001,20230406,1945897.98,2027658.02,81760.04,Savings,Matured
5339,1260,2369,3001,20241227,519852.34,551758.2,31905.86,RD,Matured
5340,1881,3209,3001,20230727,964960.74,1015589.06,50628.32,Savings,Active
5341,1538,2748,3001,20241010,773829.7,808203.87,34374.17,FD,Active
5342,1832,3142,3002,20240831,182347.09,191285.04,8937.95,Savings,Closed
5343,1353,2492,3002,20230902,399460.65,414176.2,14715.55,FD,Closed
5344,1489,2680,3001,20240610,1411682.72,1508589.62,96906.9,FD,Closed
5345,1560,2782,3001,20240523,591414.91,622660.58,31245.67,FD,Active
5346,1285,2401,3002,20240204,1613828.53,1689326.47,75497.94,FD,Active
5347,1264,2374,3002,20240804,506311.47,525714.81,19403.34,FD,Active
5348,1797,3095,3001,20230619,157297.14,168237.92,10940.78,RD,Active
5349,1360,2500,3001,20230617,857030.93,920437.26,63406.33,FD,Active
5350,1422,2591,3001,20240604,1109790.71,1156316.23,46525.52,RD,Active
5351,1381,2532,3001,20230910,1175469.43,1250008.91,74539.48,RD,Active
5352,1738,3020,3002,20240106,48350.02,50196.93,1846.91,Savings,Active
5353,1675,2938,3001,20230330,437039.51,455104.06,18064.55,RD,Active
5354,1870,3193,3001,20230228,206851.4,214742.69,7891.29,RD,Active
5355,1229,2327,3002,20240324,1420088.04,1508452.71,88364.67,Savings,Closed
5356,1777,3069,3001,20240328,1517773.42,1582660.2,64886.78,FD,Active
5357,1347,2486,3002,20240206,902941.32,937808.17,34866.85,Savings,Matured
5358,1755,3042,3002,20240205,678167.98,720155.38,41987.4,Savings,Active
5359,1450,2628,3002,20230914,162315.1,169402.93,7087.83,FD,Active
5360,1117,2167,3001,20231108,1823237.84,1898730.32,75492.48,Savings,Closed
5361,1836,3148,3002,20231205,1893067.05,2002049.82,108982.77,FD,Matured
5362,1325,2454,3002,20231016,1758771.26,1827256.67,68485.41,Savings,Active
5363,1801,3100,3002,20230111,1042852.65,1109651.19,66798.54,FD,Active
5364,1828,3137,3002,20230613,1564578.46,1674144.55,109566.09,FD,Matured
5365,1408,2571,3001,20241006,931455.08,984247.58,52792.5,RD,Active
5366,1338,2472,3001,20230414,1116416.28,1177800.14,61383.86,FD,Closed
5367,1680,2944,3001,20231208,1817489.85,1931561.7,114071.85,Savings,Closed
5368,1124,2176,3002,20230310,1763669.98,1855985.61,92315.63,Savings,Active
5369,1590,2824,3002,20240519,1074574.49,1117267.23,42692.74,RD,Active
5370,1183,2262,3001,20240724,300448.41,317163.95,16715.54,Savings,Active
5371,1307,2431,3001,20231212,1867822.44,1939426.37,71603.93,Savings,Active
5372,1019,2027,3002,20230402,1091001.33,1157160.75,66159.42,FD,Active
5373,1695,2962,3002,20230724,1027533.05,1065782.73,38249.68,Savings,Matured
5374,1120,2171,3002,20240226,755269.82,801608.71,46338.89,Savings,Active
5375,1390,2547,3002,20230125,392110.43,421326.38,29215.95,FD,Closed
5376,1780,3072,3001,20241203,1124763.05,1191710.38,66947.33,Savings,Matured
5377,1392,2549,3002,20230408,1628205.05,1726553.77,98348.72,FD,Active
5378,1362,2503,3001,20230216,850638.71,913719.85,63081.14,FD,Active
5379,1641,2891,3001,20231005,1884442.09,1963524.34,79082.25,RD,Active
5380,1456,2637,3001,20230727,239425.91,250635.77,11209.86,RD,Active
5381,1845,3159,3002,20230103,798294.45,848559.03,50264.58,RD,Active
5382,1433,2604,3001,20230604,1563525.15,1653761.66,90236.51,Savings,Closed
5383,1366,2510,3002,20240312,246368.55,255046.08,8677.53,FD,Active
5384,1878,3205,3001,20230705,895315.58,942387.74,47072.16,RD,Active
5385,1042,2059,3002,20240419,1940623.16,2076898.95,136275.79,Savings,Active
5386,1373,2521,3001,20230117,919061.98,975718.07,56656.09,FD,Active
5387,1262,2372,3001,20240602,1037847.42,1074337.45,36490.03,RD,Active
5388,1841,3155,3002,20240612,1712072.1,1835214.59,123142.49,FD,Active
5389,1593,2827,3002,20230602,604141.58,636063.09,31921.51,RD,Active
5390,1087,2120,3002,20230806,1390625.2,1468390.51,77765.31,Savings,Closed
5391,1037,2054,3002,20230530,341535.66,363451.9,21916.24,FD,Closed
5392,1571,2796,3001,20240815,1129379.48,1207989.94,78610.46,Savings,Active
5393,1786,3080,3002,20230209,638850.45,665508.33,26657.88,FD,Matured
5394,1703,2974,3002,20231018,183664.76,196877.36,13212.6,FD,Active
5395,1588,2819,3001,20230407,1791696.5,1925826.21,134129.71,FD,Active
5396,1874,3198,3001,20230206,376924.36,401122.94,24198.58,RD,Matured
5397,1683,2949,3001,20240523,1588900.71,1677238.82,88338.11,FD,Active
5398,1884,3212,3001,20230831,384266.93,411775.34,27508.41,Savings,Active
5399,1843,3157,3001,20231205,1981582.75,2078305.22,96722.47,RD,Matured
5400,1810,3111,3002,20241014,1374239.54,1455267.73,81028.19,Savings,Matured
5401,1407,2570,3001,20240901,567482.64,599866.21,32383.57,Savings,Matured
5402,1307,2431,3002,20230922,1761322.06,1834996.41,73674.35,RD,Active
5403,1551,2768,3002,20230619,26555.48,27917.84,1362.36,Savings,Closed
5404,1096,2133,3002,20230523,730021.41,779464.48,49443.07,Savings,Active
5405,1821,3128,3001,20240222,1589354.92,1702981.2,113626.28,Savings,Active
5406,1027,2039,3001,20240319,85215.52,88540.7,3325.18,RD,Matured
5407,1277,2390,3001,20230414,824788.02,868709.69,43921.67,RD,Active
5408,1104,2146,3002,20240917,1826475.98,1902310.42,75834.44,RD,Matured
5409,1095,2132,3002,20240425,1464980.16,1525423.69,60443.53,FD,Active
5410,1072,2101,3001,20230205,270269.81,282506.17,12236.36,RD,Active
5411,1366,2510,3001,20241111,1596777.92,1707499.64,110721.72,Savings,Matured
5412,1293,2409,3002,20230507,1850559.95,1928127.01,77567.06,RD,Active
5413,1778,3070,3001,20240518,425227.9,449037.37,23809.47,RD,Active
5414,1503,2701,3002,20230218,541763.64,563805.16,22041.52,Savings,Active
5415,1289,2405,3002,20240501,1157762.3,1201811.57,44049.27,FD,Active
5416,1489,2680,3002,20241216,1707430.41,1772246.62,64816.21,FD,Active
5417,1094,2130,3002,20230126,1315665.47,1402414.41,86748.94,Savings,Matured
5418,1448,2625,3002,20240903,1653512.01,1712046.0,58533.99,FD,Active
5419,1531,2738,3002,20230627,237912.39,253345.24,15432.85,Savings,Matured
5420,1147,2211,3002,20230228,1338207.95,1400960.18,62752.23,Savings,Active
5421,1137,2195,3001,20231119,895741.68,956259.62,60517.94,RD,Active
5422,1742,3026,3001,20230129,1702042.9,1823275.69,121232.79,Savings,Matured
5423,1369,2515,3002,20230501,451965.38,472861.41,20896.03,Savings,Matured
5424,1721,2997,3002,20231112,1833852.89,1914044.09,80191.2,Savings,Active
5425,1834,3145,3001,20230523,1841547.96,1934410.83,92862.87,RD,Active
5426,1506,2705,3002,20240926,1199259.45,1256365.56,57106.11,Savings,Active
5427,1365,2509,3002,20240123,849929.37,892498.27,42568.9,RD,Closed
5428,1824,3133,3001,20230814,1408211.61,1463311.52,55099.91,Savings,Closed
5429,1783,3077,3001,20230806,610495.24,635325.64,24830.4,FD,Active
5430,1719,2994,3002,20230724,280238.95,297665.26,17426.31,RD,Matured
5431,1294,2411,3001,20231110,199219.3,206322.04,7102.74,Savings,Active
5432,1197,2282,3001,20230224,1687147.67,1752962.76,65815.09,Savings,Active
5433,1575,2801,3002,20240110,1529574.16,1607602.19,78028.03,FD,Active
5434,1610,2848,3001,20240507,713316.43,755956.9,42640.47,Savings,Active
5435,1034,2050,3002,20240414,441097.46,461044.52,19947.06,RD,Active
5436,1051,2070,3002,20230206,670484.09,711594.82,41110.73,RD,Closed
5437,1332,2464,3002,20230425,1822401.92,1957413.86,135011.94,FD,Active
5438,1743,3027,3001,20230602,1637844.06,1738752.84,100908.78,RD,Active
5439,1600,2836,3001,20230715,298361.97,317842.49,19480.52,FD,Matured
5440,1369,2516,3002,20240811,1691766.72,1801092.81,109326.09,RD,Active
5441,1178,2255,3001,20240914,884454.42,930742.34,46287.92,RD,Active
5442,1821,3128,3002,20230217,1096306.59,1139464.88,43158.29,FD,Active
5443,1001,2001,3001,20240715,1344452.51,1399637.02,55184.51,FD,Active
5444,1551,2767,3002,20230314,542355.72,579268.75,36913.03,Savings,Matured
5445,1125,2177,3001,20230314,842655.72,874617.94,31962.22,RD,Matured
5446,1559,2780,3001,20230412,1796041.83,1888244.86,92203.03,Savings,Active
5447,1183,2263,3001,20230502,476741.93,493704.09,16962.16,Savings,Active
5448,1214,2307,3002,20230212,731421.11,775366.83,43945.72,FD,Active
5449,1473,2661,3001,20230723,223447.05,232315.46,8868.41,RD,Matured
5450,1828,3137,3001,20231114,517742.89,549664.18,31921.29,FD,Active
5451,1398,2557,3001,20230726,1612849.4,1732064.98,119215.58,RD,Active
5452,1233,2332,3002,20230115,14401.66,15389.37,987.71,Savings,Active
5453,1746,3031,3001,20230110,1440112.18,1522383.47,82271.29,Savings,Active
5454,1289,2405,3002,20240117,1241969.63,1306584.84,64615.21,FD,Active
5455,1492,2685,3001,20230726,385818.56,402957.63,17139.07,RD,Closed
5456,1251,2358,3002,20230306,706784.47,745697.56,38913.09,Savings,Active
5457,1460,2644,3002,20240112,292494.98,313947.75,21452.77,RD,Active
5458,1756,3043,3002,20240725,1941426.82,2079853.89,138427.07,RD,Matured
5459,1091,2125,3001,20241127,1536893.71,1620591.96,83698.25,Savings,Active
5460,1347,2485,3002,20230730,1407860.34,1490720.65,82860.31,FD,Active
5461,1131,2187,3002,20240131,779638.98,819519.95,39880.97,FD,Active
5462,1219,2314,3001,20241207,799088.08,833584.92,34496.84,RD,Active
5463,1343,2479,3002,20230124,1340527.39,1397182.53,56655.14,FD,Active
5464,1869,3192,3001,20240924,1144370.3,1191801.43,47431.13,FD,Active
5465,1175,2252,3001,20231226,742222.39,786753.4,44531.01,Savings,Matured
5466,1015,2022,3001,20230629,1318866.91,1379882.75,61015.84,RD,Active
5467,1020,2029,3002,20240709,419215.31,439542.52,20327.21,FD,Active
5468,1163,2235,3002,20231018,471259.63,493882.16,22622.53,FD,Active
5469,1560,2782,3001,20240829,1185177.89,1237226.7,52048.81,FD,Matured
5470,1817,3123,3001,20240206,298487.85,313976.69,15488.84,RD,Active
5471,1152,2219,3001,20240905,1174690.99,1237901.45,63210.46,FD,Active
5472,1515,2715,3002,20231230,1611316.65,1694758.9,83442.25,Savings,Active
5473,1826,3135,3001,20241110,1301577.88,1390807.81,89229.93,FD,Active
5474,1517,2717,3002,20240819,954885.66,1019867.16,64981.5,FD,Matured
5475,1529,2736,3001,20240912,830370.86,870134.02,39763.16,RD,Closed
5476,1533,2741,3002,20240522,1136267.05,1209078.27,72811.22,FD,Active
5477,1650,2905,3002,20230424,462346.57,484030.55,21683.98,RD,Active
5478,1483,2673,3001,20230503,1009921.92,1056715.89,46793.97,RD,Active
5479,1752,3039,3002,20240402,13840.94,14423.28,582.34,RD,Active
5480,1701,2971,3001,20240428,294903.43,311264.7,16361.27,RD,Active
5481,1700,2970,3002,20230624,1946038.18,2063900.04,117861.86,Savings,Active
5482,1030,2044,3002,20231130,1870954.04,2009506.44,138552.4,RD,Closed
5483,1888,3218,3001,20230615,1275624.03,1354676.97,79052.94,FD,Active
5484,1314,2441,3002,20240119,1503450.47,1600794.53,97344.06,Savings,Active
5485,1128,2182,3002,20230125,922842.67,981318.47,58475.8,Savings,Active
5486,1465,2651,3001,20240107,759806.23,801885.93,42079.7,FD,Active
5487,1141,2202,3001,20240112,248445.93,259528.99,11083.06,RD,Matured
5488,1632,2878,3002,20230326,1589238.76,1708157.41,118918.65,RD,Active
5489,1443,2618,3002,20240119,536622.9,563261.41,26638.51,FD,Active
5490,1478,2666,3001,20240107,136160.44,145951.06,9790.62,RD,Closed
5491,1640,2890,3002,20230610,1204539.19,1276155.77,71616.58,FD,Active
5492,1035,2051,3002,20241007,1588518.73,1662128.95,73610.22,RD,Active
5493,1328,2459,3002,20230520,1684603.86,1765222.38,80618.52,FD,Matured
5494,1515,2715,3001,20240814,379770.43,400718.09,20947.66,FD,Active
5495,1700,2970,3002,20230902,1307377.07,1388495.01,81117.94,FD,Active
5496,1467,2654,3002,20230809,420139.46,434903.6,14764.14,FD,Active
5497,1088,2121,3002,20240503,385955.26,408655.81,22700.55,Savings,Active
5498,1851,3169,3002,20240228,150428.9,157787.48,7358.58,FD,Active
5499,1868,3191,3002,20240724,759111.0,800765.61,41654.61,RD,Matured
5500,1053,2073,3001,20230806,792414.57,850444.19,58029.62,Savings,Active
5501,1684,2950,3001,20240131,1027605.88,1097598.5,69992.62,RD,Active
5502,1342,2478,3001,20231208,1934873.53,2007760.21,72886.68,FD,Active
5503,1417,2584,3002,20230706,1018606.36,1080281.25,61674.89,FD,Active
5504,1127,2181,3001,20240418,1774403.28,1840620.5,66217.22,Savings,Active
5505,1302,2425,3001,20240118,1885181.41,1993165.01,107983.6,RD,Matured
5506,1462,2646,3001,20240117,958809.2,1014952.14,56142.94,FD,Active
5507,1768,3057,3002,20231213,1691471.85,1817547.1,126075.25,FD,Active
5508,1051,2070,3002,20241107,110210.66,118323.33,8112.67,Savings,Active
5509,1074,2103,3002,20230823,1936607.44,2012629.13,76021.69,Savings,Active
5510,1867,3190,3002,20230706,1262642.45,1346789.16,84146.71,Savings,Closed
5511,1574,2800,3001,20230427,1109401.27,1153312.33,43911.06,Savings,Closed
5512,1527,2733,3002,20230715,158383.61,166674.11,8290.5,FD,Active
5513,1651,2906,3002,20230511,1771053.75,1902465.04,131411.29,FD,Active
5514,1336,2469,3002,20230130,1597249.92,1683836.08,86586.16,RD,Active
5515,1760,3047,3002,20240128,1617497.64,1674893.16,57395.52,Savings,Matured
5516,1897,3231,3002,20230111,115468.24,121096.08,5627.84,Savings,Matured
5517,1729,3009,3002,20230129,200026.69,211351.35,11324.66,Savings,Active
5518,1748,3035,3001,20241215,203538.88,213055.69,9516.81,RD,Active
5519,1466,2653,3002,20230726,1985360.75,2125366.62,140005.87,RD,Matured
5520,1329,2460,3001,20240410,1479966.66,1582925.3,102958.64,FD,Active
5521,1360,2500,3001,20230608,1305620.75,1355508.51,49887.76,Savings,Active
5522,1267,2377,3002,20240719,285277.09,303614.83,18337.74,FD,Active
5523,1895,3229,3002,20240706,446097.61,478594.61,32497.0,RD,Active
5524,1246,2352,3002,20240527,654469.61,678080.22,23610.61,RD,Closed
5525,1626,2869,3002,20240220,1262382.46,1320393.15,58010.69,RD,Active
5526,1622,2862,3001,20240926,988375.95,1049294.98,60919.03,Savings,Active
5527,1579,2806,3001,20241009,1192810.96,1246625.58,53814.62,FD,Active
5528,1824,3133,3001,20230106,1307828.38,1382531.33,74702.95,Savings,Active
5529,1879,3206,3002,20240902,1441809.62,1534671.03,92861.41,RD,Active
5530,1769,3058,3001,20240506,237891.96,255697.07,17805.11,Savings,Active
5531,1396,2555,3001,20241031,1861684.08,1968258.72,106574.64,RD,Active
5532,1077,2108,3001,20240331,1671802.89,1797169.28,125366.39,Savings,Active
5533,1075,2104,3001,20240429,119499.39,124211.54,4712.15,RD,Active
5534,1004,2006,3002,20241215,517980.42,553870.55,35890.13,Savings,Active
5535,1864,3186,3002,20240220,276407.32,296841.95,20434.63,Savings,Closed
5536,1066,2092,3001,20230330,1140847.77,1197309.0,56461.23,FD,Active
5537,1806,3105,3002,20231229,1283087.8,1334809.51,51721.71,RD,Active
5538,1366,2510,3002,20240320,1364063.72,1459086.85,95023.13,FD,Matured
5539,1008,2012,3002,20231102,1576591.62,1651214.92,74623.3,RD,Active
5540,1456,2637,3001,20230703,743730.87,797788.21,54057.34,RD,Active
5541,1594,2828,3001,20231013,470971.69,492868.88,21897.19,RD,Active
5542,1740,3023,3002,20230725,932245.03,997005.48,64760.45,FD,Closed
5543,1872,3195,3001,20230831,1915283.88,2016894.05,101610.17,Savings,Active
5544,1010,2015,3002,20241207,1567272.59,1683799.64,116527.05,FD,Active
5545,1595,2829,3001,20231205,634234.12,674054.55,39820.43,RD,Active
5546,1070,2097,3002,20230210,49806.76,52077.56,2270.8,RD,Matured
5547,1892,3224,3001,20230821,921628.48,976845.01,55216.53,RD,Matured
5548,1535,2745,3001,20240621,297456.3,316868.95,19412.65,RD,Matured
5549,1049,2068,3002,20241129,655081.5,703676.04,48594.54,FD,Active
5550,1373,2521,3002,20230216,296753.18,309790.27,13037.09,Savings,Active
5551,1480,2669,3002,20240504,506654.87,541412.62,34757.75,RD,Matured
5552,1602,2839,3002,20230131,1571744.54,1637821.63,66077.09,Savings,Active
5553,1220,2316,3001,20230803,66625.29,70171.69,3546.4,RD,Closed
5554,1119,2170,3002,20230704,775037.15,829969.37,54932.22,RD,Active
5555,1787,3081,3002,20230823,346526.64,366469.62,19942.98,Savings,Active
5556,1828,3137,3001,20240211,655943.05,696905.78,40962.73,RD,Active
5557,1844,3158,3002,20240602,1152978.65,1236565.91,83587.26,RD,Closed
5558,1624,2865,3001,20230314,163484.64,174619.81,11135.17,RD,Matured
5559,1194,2276,3002,20231101,198953.02,210731.01,11777.99,FD,Closed
5560,1307,2431,3002,20230915,1498662.65,1568093.54,69430.89,Savings,Active
5561,1265,2375,3002,20241202,589469.12,631291.1,41821.98,RD,Active
5562,1221,2317,3002,20241106,1443183.25,1516011.35,72828.1,RD,Matured
5563,1864,3186,3002,20230226,134181.13,140052.58,5871.45,FD,Active
5564,1264,2374,3002,20230509,274038.89,293602.46,19563.57,FD,Active
5565,1895,3229,3001,20240119,1516662.9,1571332.51,54669.61,RD,Matured
5566,1786,3080,3002,20240830,1507766.67,1604228.61,96461.94,FD,Active
5567,1100,2140,3001,20240527,1009115.46,1062152.06,53036.6,RD,Active
5568,1154,2222,3002,20231204,45472.27,48437.18,2964.91,FD,Closed
5569,1456,2638,3001,20230605,1670839.88,1757636.67,86796.79,Savings,Closed
5570,1401,2562,3001,20231013,637058.26,681290.63,44232.37,RD,Active
5571,1806,3106,3001,20230402,656238.6,680146.74,23908.14,RD,Active
5572,1808,3108,3002,20240812,1426689.36,1515987.51,89298.15,FD,Active
5573,1448,2625,3001,20230424,887873.68,944502.21,56628.53,FD,Closed
5574,1328,2459,3002,20230405,253951.81,267095.86,13144.05,Savings,Active
5575,1600,2836,3001,20241216,1495772.85,1576518.69,80745.84,RD,Matured
5576,1070,2097,3002,20240708,1754210.55,1881626.24,127415.69,RD,Active
5577,1253,2360,3001,20241112,1112334.18,1182453.98,70119.8,Savings,Matured
5578,1214,2307,3001,20230822,1687780.25,1767355.84,79575.59,FD,Closed
5579,1248,2354,3001,20240116,1841017.8,1947215.73,106197.93,RD,Active
5580,1252,2359,3001,20231218,1578272.88,1638580.49,60307.61,RD,Active
5581,1710,2983,3001,20231016,568693.09,598345.38,29652.29,FD,Active
5582,1860,3182,3001,20240321,1823672.49,1938784.58,115112.09,RD,Active
5583,1762,3049,3002,20230404,1228613.6,1306785.76,78172.16,RD,Active
5584,1555,2774,3002,20230717,1981867.93,2112558.12,130690.19,Savings,Active
5585,1018,2026,3001,20240728,1122577.04,1201150.14,78573.1,Savings,Closed
5586,1835,3147,3002,20230727,1295837.55,1350356.21,54518.66,Savings,Active
5587,1171,2247,3001,20240622,1356579.96,1411137.93,54557.97,RD,Active
5588,1835,3147,3001,20230609,1590606.21,1696552.09,105945.88,FD,Active
5589,1810,3111,3002,20230731,99779.01,104813.09,5034.08,FD,Matured
5590,1666,2929,3002,20240908,723768.87,762449.08,38680.21,RD,Active
5591,1473,2661,3002,20241207,1834260.86,1945669.68,111408.82,RD,Active
5592,1605,2842,3002,20230522,962733.63,1033723.09,70989.46,FD,Active
5593,1280,2394,3001,20240522,531756.97,556726.36,24969.39,Savings,Active
5594,1243,2347,3002,20231124,320012.56,342956.03,22943.47,Savings,Matured
5595,1332,2464,3002,20230509,1023944.59,1100662.05,76717.46,FD,Closed
5596,1266,2376,3001,20240206,413268.57,433537.28,20268.71,RD,Active
5597,1793,3088,3001,20230829,1471705.13,1577828.52,106123.39,FD,Active
5598,1357,2497,3001,20241005,224703.2,233680.96,8977.76,FD,Active
5599,1250,2357,3001,20230731,1970690.89,2105159.59,134468.7,RD,Active
5600,1705,2977,3001,20230508,1485132.23,1559117.47,73985.24,FD,Active
