loan_id,customer_id,account_id,product_id,date_id,disbursed_amount,outstanding_amount,emi_amount,loan_status,dpd,npa_flag,collateral_value
4001,1402,2563,3004,20240731,1106524.7,933901.08,20286.29,Active,0,False,
4002,1305,2429,3005,20230723,4873507.42,3296434.72,44673.82,Active,0,False,
4003,1545,2760,3003,20231002,1705609.09,1163732.71,7817.37,Active,0,False,3133805.65
4004,1704,2976,3005,20230626,2400953.21,416898.05,22008.74,Active,0,False,
4005,1142,2204,3003,20230317,2035554.39,545874.49,9329.62,Active,0,False,2494854.71
4006,1298,2418,3005,20240202,3412233.59,0,31278.81,Closed,0,False,
4007,1511,2711,3004,20230321,1248253.69,849184.72,22884.65,Active,0,False,
4008,1248,2354,3004,20240605,1506573.79,1603290.7,27620.52,NPA,330,True,
4009,1318,2446,3004,20241013,477513.5,423795.28,8754.41,Active,0,False,
4010,1680,2944,3004,20230906,920851.79,353993.76,16882.28,Active,0,False,
4011,1179,2256,3005,20240308,4450154.9,938434.93,40793.09,Active,0,False,
4012,1140,2201,3003,20231231,4786915.19,2840554.09,21940.03,Active,0,False,5824566.53
4013,1557,2777,3004,20230424,298832.75,0,5478.6,Closed,0,False,
4014,1469,2656,3005,20241221,3438343.73,2183548.74,31518.15,Active,51,False,
4015,1730,3011,3004,20240425,685465.7,0,12566.87,Closed,0,False,
4016,1711,2984,3005,20240513,1212273.05,901278.15,11112.5,Active,0,False,
4017,1743,3027,3003,20240808,4755777.7,0,21797.31,Closed,0,False,8751833.81
4018,1015,2022,3004,20240722,1374629.68,886648.69,25201.54,Active,0,False,
4019,1485,2675,3003,20230711,2708940.93,510241.51,12415.98,Active,0,False,3760728.51
4020,1800,3098,3003,20240612,4794748.14,2068194.8,21975.93,Active,0,False,8731961.05
4021,1653,2910,3005,20240520,400910.77,239102.73,3675.02,Active,0,False,
4022,1700,2969,3005,20240219,3382540.87,726694.38,31006.62,Active,0,False,
4023,1808,3108,3003,20230316,4503679.15,0,20641.86,Closed,0,False,5548851.55
4024,1893,3225,3003,20230511,4946645.57,2815382.78,22672.13,Active,0,False,7358076.0
4025,1785,3079,3005,20240807,2736025.98,1511493.59,25080.24,Active,44,False,
4026,1870,3193,3003,20231020,2615735.18,2363624.02,11988.79,Active,36,False,4423415.75
4027,1103,2145,3004,20230716,1157070.22,488645.36,21212.95,Active,0,False,
4028,1746,3032,3004,20240315,1568741.24,0,28760.26,Closed,0,False,
4029,1357,2496,3003,20241206,1874177.85,1740018.05,8589.98,Active,41,False,2438896.01
4030,1475,2663,3005,20241212,3427093.39,2732992.14,31415.02,Active,90,False,
4031,1438,2612,3005,20231118,2270095.87,947174.24,20809.21,Active,0,False,
4032,1676,2939,3004,20240920,1720988.82,0,31551.46,Closed,0,False,
4033,1856,3176,3005,20230423,1216292.31,597544.02,11149.35,Active,0,False,
4034,1777,3069,3003,20240603,4152779.83,3835888.2,19033.57,Active,36,False,7259434.81
4035,1707,2980,3003,20240507,2423743.26,1439908.58,11108.82,Active,59,False,3364760.33
4036,1338,2472,3003,20231217,1741743.89,0,7982.99,Closed,0,False,2699131.72
4037,1044,2061,3003,20230120,4492340.79,1819267.57,20589.9,Active,0,False,6354433.89
4038,1623,2863,3005,20230809,3202381.3,0,29355.16,Closed,0,False,
4039,1658,2918,3003,20230330,4815969.46,2511665.95,22073.19,Active,23,False,5851843.27
4040,1493,2687,3004,20231213,948809.32,673521.08,17394.84,Active,0,False,
4041,1565,2788,3003,20240517,743990.79,393418.57,3409.96,Active,0,False,902626.53
4042,1684,2950,3005,20240708,620670.12,463716.3,5689.48,Active,42,False,
4043,1317,2445,3005,20230820,972029.91,0,8910.27,Closed,0,False,
4044,1460,2643,3003,20240513,3474972.47,470433.39,15926.96,Active,0,False,6183448.37
4045,1579,2807,3003,20230708,2628417.4,2109899.54,12046.91,Active,0,False,4516722.21
4046,1480,2669,3004,20240904,1230675.49,781854.02,22562.38,Active,20,False,
4047,1518,2719,3005,20240202,251289.19,173293.39,2303.48,Active,0,False,
4048,1564,2786,3003,20241224,578309.64,0,2650.59,Closed,0,False,704316.88
4049,1505,2704,3003,20230722,3609809.27,0,16544.96,Closed,0,False,4604516.55
4050,1703,2975,3003,20241106,2636896.65,2165161.59,12085.78,Active,0,False,4848907.83
4051,1392,2549,3005,20241201,1013986.75,0,9294.88,Closed,0,False,
4052,1056,2077,3003,20231225,2906158.34,0,13319.89,Closed,0,False,4077829.14
4053,1297,2416,3005,20230210,2633394.77,2829439.41,24139.45,NPA,239,True,
4054,1246,2352,3005,20230710,2315131.3,619913.92,21222.04,Active,0,False,
4055,1597,2832,3003,20240528,855484.99,752280.41,3920.97,Active,0,False,1090774.68
4056,1007,2010,3004,20230214,390290.86,194554.01,7155.33,Active,0,False,
4057,1776,3067,3003,20240430,3319829.42,2436491.59,15215.88,Active,0,False,4024594.09
4058,1846,3160,3003,20230902,765413.63,477869.88,3508.15,Active,27,False,1253780.5
4059,1019,2027,3003,20230323,921437.32,579032.05,4223.25,Active,0,False,1641310.17
4060,1080,2111,3004,20240518,1881125.51,1745228.7,34487.3,Active,9,False,
4061,1331,2463,3003,20240614,3791443.39,2118384.64,17377.45,Active,0,False,7291212.35
4062,1651,2906,3003,20240211,4748049.52,0,21761.89,Closed,0,False,9354407.53
4063,1107,2150,3005,20240417,3762227.85,2912104.7,34487.09,Active,23,False,
4064,1016,2023,3003,20240618,4496010.62,2487422.35,20606.72,Active,0,False,8284469.22
4065,1595,2830,3005,20230314,850957.62,0,7800.44,Closed,0,False,
4066,1894,3227,3005,20240413,4372604.29,3021241.81,40082.21,Active,31,False,
4067,1804,3103,3004,20240411,1844447.5,1065561.74,33814.87,Active,0,False,
4068,1328,2459,3004,20240320,990678.33,814297.65,18162.44,Active,0,False,
4069,1750,3037,3005,20230517,1122279.38,921060.18,10287.56,Active,0,False,
4070,1286,2402,3004,20241208,232004.49,0,4253.42,Closed,0,False,
4071,1460,2643,3004,20230909,1307311.38,655432.69,23967.38,Active,59,False,
4072,1762,3050,3003,20230325,4878728.63,499705.5,22360.84,Active,0,False,8969682.09
4073,1697,2965,3005,20240604,2721379.04,2050445.51,24945.97,Active,0,False,
4074,1770,3060,3004,20240925,1525367.02,986824.53,27965.06,Active,0,False,
4075,1750,3037,3005,20241119,3085834.2,1943421.91,28286.81,Active,0,False,
4076,1759,3046,3003,20231110,1821209.54,1420630.45,8347.21,Active,0,False,2980887.42
4077,1293,2410,3004,20230508,268014.79,140103.36,4913.6,Active,0,False,
4078,1600,2836,3003,20230920,1409178.78,1233289.95,6458.74,NPA,115,True,2161736.81
4079,1145,2208,3004,20230702,568693.47,280926.65,10426.05,Active,0,False,
4080,1731,3012,3003,20230414,2174834.3,1395229.23,9967.99,Active,0,False,3498544.48
4081,1122,2174,3003,20230108,1704935.59,887047.95,7814.29,Active,11,False,3150683.32
4082,1529,2736,3003,20230626,854464.29,0,3916.29,Closed,0,False,1288387.77
4083,1889,3219,3004,20230901,625959.74,391520.0,11475.93,Active,83,False,
4084,1856,3177,3004,20231104,688941.1,449960.76,12630.59,Active,68,False,
4085,1602,2839,3004,20231105,1504695.21,178765.52,27586.08,Active,0,False,
4086,1205,2295,3005,20240226,3631922.03,3086388.76,33292.62,Active,0,False,
4087,1334,2466,3004,20241029,52807.73,16249.94,968.14,Active,0,False,
4088,1403,2564,3005,20240313,4252037.94,0,38977.01,Closed,0,False,
4089,1213,2306,3003,20231113,4085400.87,0,18724.75,Closed,0,False,5114359.66
4090,1841,3155,3003,20231221,4628190.64,0,21212.54,Closed,0,False,8639793.85
4091,1284,2399,3004,20230802,1217218.47,880935.95,22315.67,Active,0,False,
4092,1467,2654,3003,20230205,1846525.57,0,8463.24,Closed,0,False,2629845.28
4093,1771,3061,3005,20230929,3830453.5,867924.05,35112.49,Active,0,False,
4094,1050,2069,3004,20230805,516313.86,444196.43,9465.75,Active,54,False,
4095,1131,2187,3005,20230814,843658.35,467281.67,7733.53,Active,18,False,
4096,1712,2985,3005,20231028,4897314.83,4454358.7,44892.05,Active,24,False,
4097,1217,2311,3003,20240313,1279347.34,0,5863.68,Closed,0,False,2172430.36
4098,1275,2388,3003,20240229,2722420.57,1830119.19,12477.76,Active,0,False,4337259.88
4099,1830,3139,3003,20240428,1132902.07,1004154.13,5192.47,Active,0,False,1470842.23
4100,1750,3037,3004,20230731,210520.39,0,3859.54,Closed,0,False,
4101,1737,3018,3005,20231115,4911730.34,4044489.86,45024.19,Active,23,False,
4102,1709,2982,3005,20230917,696944.89,533924.05,6388.66,Active,0,False,
4103,1545,2760,3003,20240703,3427371.27,1862914.63,15708.78,Active,40,False,4646394.06
4104,1134,2191,3003,20230806,2854331.61,1608929.2,13082.35,Active,51,False,5061619.23
4105,1223,2319,3003,20230916,1214228.17,846189.25,5565.21,Active,0,False,1701253.92
4106,1301,2424,3003,20240617,4000347.52,423800.29,18334.93,Active,0,False,5706201.18
4107,1093,2129,3004,20231116,468918.26,159262.37,8596.83,Active,0,False,
4108,1396,2555,3003,20231225,1476171.74,1134678.88,6765.79,Active,0,False,2662768.97
4109,1285,2401,3003,20240813,4777445.2,3790622.79,21896.62,Active,12,False,8040148.09
4110,1495,2690,3004,20240520,315767.28,161803.89,5789.07,Active,18,False,
4111,1439,2614,3003,20231221,4062666.95,2373571.84,18620.56,Active,83,False,5852692.96
4112,1676,2939,3004,20230508,555144.26,285563.38,10177.64,Active,0,False,
4113,1133,2190,3003,20231223,1273538.05,892980.94,5837.05,Active,0,False,2270097.35
4114,1881,3208,3005,20230629,302385.02,154680.6,2771.86,Active,0,False,
4115,1037,2053,3004,20230701,1270924.84,747289.26,23300.29,Active,1,False,
4116,1354,2493,3004,20240801,209899.41,159832.15,3848.16,Active,54,False,
4117,1602,2839,3003,20231119,891108.96,0,4084.25,Closed,0,False,1166420.34
4118,1370,2517,3005,20240807,4175593.64,3386763.77,38276.28,Active,29,False,
4119,1757,3044,3003,20230622,2440444.41,0,11185.37,Closed,0,False,3841814.67
4120,1658,2917,3003,20230827,2665265.69,1391669.45,12215.8,Active,18,False,4008110.52
4121,1336,2469,3004,20240126,76331.38,43718.25,1399.41,Active,59,False,
4122,1691,2957,3005,20231201,761918.92,600461.78,6984.26,Active,0,False,
4123,1393,2550,3003,20240809,3125211.59,2608493.76,14323.89,Active,0,False,4855427.16
4124,1383,2536,3003,20240220,1830634.57,367345.26,8390.41,Active,0,False,3182606.85
4125,1679,2942,3003,20230530,1922396.45,0,8810.98,Closed,0,False,3381340.06
4126,1578,2805,3005,20241107,2246663.8,2467800.45,20594.42,NPA,250,True,
4127,1882,3210,3005,20240803,3511446.98,1884855.28,32188.26,Active,41,False,
4128,1596,2831,3004,20241118,1745599.72,1710788.35,32002.66,NPA,330,True,
4129,1086,2119,3003,20240111,1348955.24,0,6182.71,Closed,0,False,1812499.66
4130,1273,2386,3004,20241008,218981.13,165204.11,4014.65,Active,0,False,
4131,1675,2938,3005,20230815,2801457.87,0,25680.03,Closed,0,False,
4132,1119,2169,3005,20240618,3847268.41,3137706.85,35266.63,Active,0,False,
4133,1743,3027,3004,20241118,1182283.49,487090.11,21675.2,Active,0,False,
4134,1123,2175,3003,20230401,1481011.44,1515579.93,6787.97,NPA,102,True,2606514.82
4135,1581,2809,3003,20230421,521600.26,401734.64,2390.67,Active,0,False,786338.92
4136,1792,3087,3005,20231118,585404.13,329828.32,5366.2,Active,0,False,
4137,1680,2944,3004,20230308,1982157.03,1348496.36,36339.55,Active,34,False,
4138,1572,2797,3005,20230807,1494648.16,1287604.2,13700.94,NPA,364,True,
4139,1291,2407,3003,20240621,710081.26,256124.53,3254.54,Active,0,False,905147.09
4140,1549,2764,3003,20230715,885918.59,361313.31,4060.46,Active,0,False,1711953.24
4141,1717,2992,3005,20230219,2345386.03,1627195.67,21499.37,Active,1,False,
4142,1022,2032,3003,20240120,2513371.97,994341.31,11519.62,Active,0,False,4633541.06
4143,1334,2466,3003,20240707,2221202.2,850927.71,10180.51,Active,0,False,3612533.38
4144,1609,2847,3003,20240621,2139440.31,1389607.77,9805.77,Active,27,False,4081002.52
4145,1252,2359,3004,20240606,256690.68,176003.56,4706.0,Active,0,False,
4146,1643,2895,3005,20241004,3423795.45,2575979.29,31384.79,Active,0,False,
4147,1643,2894,3004,20240309,300730.21,224020.62,5513.39,Active,71,False,
4148,1087,2120,3003,20240326,2585137.6,1188841.72,11848.55,Active,0,False,3652463.71
4149,1130,2186,3004,20240424,897735.01,562666.75,16458.48,Active,0,False,
4150,1354,2493,3004,20231120,1019062.31,759485.15,18682.81,Active,41,False,
4151,1817,3123,3005,20241111,4895457.46,0,44875.03,Closed,0,False,
4152,1019,2027,3005,20241221,1470241.12,1241879.79,13477.21,Active,0,False,
4153,1877,3203,3003,20241026,3845928.61,0,17627.17,Closed,0,False,6507372.96
4154,1837,3149,3005,20241120,431138.27,0,3952.1,Closed,0,False,
4155,1660,2921,3003,20230115,4853135.47,2790461.67,22243.54,Active,0,False,9399812.84
4156,1356,2495,3003,20230515,1748544.1,501879.94,8014.16,Active,0,False,2157872.12
4157,1817,3123,3005,20240607,434288.81,308872.24,3980.98,Active,0,False,
4158,1176,2253,3005,20241023,1298880.3,0,11906.4,Closed,0,False,
4159,1178,2255,3004,20231210,1034623.17,719654.36,18968.09,Active,27,False,
4160,1195,2278,3005,20230924,4701226.99,0,43094.58,Closed,0,False,
4161,1565,2788,3003,20230727,3407502.63,0,15617.72,Closed,0,False,4696239.04
4162,1283,2398,3004,20231113,83293.17,15871.87,1527.04,Active,0,False,
4163,1414,2580,3005,20240603,1255621.24,0,11509.86,Closed,0,False,
4164,1265,2375,3003,20240123,1794600.55,1600276.15,8225.25,Active,34,False,2996159.41
4165,1260,2370,3005,20240423,3808029.93,2259575.9,34906.94,Active,13,False,
4166,1136,2194,3003,20240320,3911712.13,400947.64,17928.68,Active,0,False,7414547.61
4167,1086,2119,3004,20240516,562571.97,521259.13,10313.82,Active,57,False,
4168,1772,3062,3003,20230702,967291.86,758263.09,4433.42,Active,0,False,1605738.33
4169,1075,2105,3004,20241215,1432813.57,1191516.48,26268.25,Active,42,False,
4170,1596,2831,3003,20231219,1407339.09,984910.47,6450.3,Active,0,False,2032276.68
4171,1376,2525,3005,20231002,786277.95,820131.52,7207.55,NPA,267,True,
4172,1739,3021,3003,20230106,712885.15,623294.5,3267.39,Active,0,False,1084964.81
4173,1395,2554,3003,20230811,3479309.49,3009572.15,15946.84,Active,86,False,5908053.02
4174,1463,2647,3003,20230309,809198.16,407773.09,3708.82,Active,5,False,1484737.26
4175,1631,2877,3005,20230226,2224029.39,1351096.94,20386.94,Active,0,False,
4176,1808,3108,3005,20230406,2593584.01,420768.67,23774.52,Active,0,False,
4177,1118,2168,3005,20230926,2083332.09,286364.15,19097.21,Active,0,False,
4178,1848,3164,3004,20240701,1630990.6,1261555.58,29901.49,Active,0,False,
4179,1484,2674,3003,20240415,3976334.99,2002769.36,18224.87,Active,25,False,5854867.02
4180,1220,2315,3004,20231002,1081169.15,970761.9,19821.43,Active,0,False,
4181,1743,3027,3004,20240418,972578.79,0,17830.61,Closed,0,False,
4182,1568,2792,3004,20240309,510264.35,147551.23,9354.85,Active,0,False,
4183,1596,2831,3003,20240220,653285.39,561055.58,2994.22,Active,0,False,859723.11
4184,1219,2314,3005,20231005,3244899.63,2597358.6,29744.91,Active,26,False,
4185,1310,2435,3005,20231230,3968782.93,1440097.34,36380.51,Active,0,False,
4186,1182,2260,3005,20240112,2424650.16,978460.92,22225.96,Active,0,False,
4187,1066,2092,3003,20240816,883932.58,644044.87,4051.36,Active,0,False,1142226.93
4188,1785,3079,3003,20240907,2082183.71,1719835.88,9543.34,Active,42,False,3795036.16
4189,1857,3178,3004,20230626,1685785.57,1329359.78,30906.07,Active,0,False,
4190,1636,2884,3005,20230128,1357745.08,743292.28,12446.0,Active,0,False,
4191,1732,3013,3004,20230806,1148173.13,0,21049.84,Closed,0,False,
4192,1578,2805,3005,20230804,4440097.7,2221336.7,40700.9,Active,0,False,
4193,1330,2462,3003,20240107,665630.04,412227.95,3050.8,Active,17,False,869638.9
4194,1515,2715,3004,20241011,843611.69,678020.5,15466.21,Active,90,False,
4195,1897,3231,3004,20230824,1645142.03,0,30160.94,Closed,0,False,
4196,1360,2500,3005,20231002,3045294.25,936954.85,27915.2,Active,0,False,
4197,1250,2357,3004,20231129,603640.59,339793.49,11066.74,Active,26,False,
4198,1632,2878,3005,20230413,1181474.25,660612.99,10830.18,Active,0,False,
4199,1240,2342,3005,20241219,929640.2,802838.52,8521.7,Active,0,False,
4200,1071,2099,3004,20240222,1835413.9,1083986.22,33649.25,Active,45,False,
4201,1561,2783,3005,20230618,2015117.81,1024235.06,18471.91,Active,14,False,
4202,1008,2012,3004,20230815,689097.57,435912.75,12633.46,Active,0,False,
4203,1606,2843,3005,20230429,877377.55,201301.65,8042.63,Active,0,False,
4204,1702,2972,3004,20230922,808236.29,0,14817.67,Closed,0,False,
4205,1306,2430,3003,20230804,3334256.67,1986048.77,15282.01,Active,0,False,6140534.89
4206,1773,3063,3003,20230120,4503826.13,0,20642.54,Closed,0,False,8056576.44
4207,1665,2928,3004,20231121,51556.08,26096.9,945.19,Active,13,False,
4208,1536,2746,3005,20240206,458153.37,257748.74,4199.74,Active,0,False,
4209,1594,2828,3005,20240628,3244482.22,2360190.87,29741.09,Active,54,False,
4210,1542,2755,3003,20230201,2299623.94,754454.49,10539.94,Active,0,False,3119519.24
4211,1322,2450,3005,20230805,3784660.05,0,34692.72,Closed,0,False,
4212,1669,2932,3003,20240416,3370927.3,1753849.17,15450.08,Active,60,False,6685622.58
4213,1839,3153,3003,20230707,3424245.98,2394049.5,15694.46,Active,56,False,5790439.15
4214,1233,2332,3004,20240728,1049568.57,0,19242.09,Closed,0,False,
4215,1791,3086,3005,20240103,4348549.98,1990301.13,39861.71,Active,0,False,
4216,1046,2064,3003,20231111,2747457.53,2495622.5,12592.51,Active,39,False,4435913.95
4217,1500,2698,3003,20231128,3641583.04,698124.87,16690.59,Active,0,False,5698652.64
4218,1787,3081,3005,20230306,2110231.16,1017449.1,19343.79,Active,0,False,
4219,1242,2346,3003,20240930,3612133.56,2775443.35,16555.61,Active,30,False,5215250.35
4220,1322,2450,3005,20231106,865214.92,386526.17,7931.14,Active,0,False,
4221,1456,2638,3004,20240120,1538476.0,699424.26,28205.39,Active,0,False,
4222,1243,2347,3003,20241030,4924846.64,0,22572.21,Closed,0,False,6454539.54
4223,1073,2102,3003,20240316,2849691.46,1739678.78,13061.09,Active,0,False,5105771.66
4224,1178,2255,3003,20230111,1051515.95,203761.13,4819.45,Active,0,False,1822864.02
4225,1070,2097,3003,20230224,881772.12,661150.03,4041.46,Active,0,False,1552108.59
4226,1096,2133,3005,20240501,2929586.75,1713715.85,26854.55,Active,49,False,
4227,1513,2713,3003,20230311,1277658.5,924678.49,5855.93,Active,0,False,2053375.41
4228,1026,2038,3003,20240821,1311986.86,899764.87,6013.27,Active,0,False,1876773.46
4229,1338,2473,3003,20241124,1893155.04,352991.64,8676.96,Active,0,False,3472733.85
4230,1300,2423,3004,20240322,1232782.64,812657.62,22601.02,Active,0,False,
4231,1153,2221,3003,20241218,1022608.77,974169.84,4686.96,NPA,315,True,1562745.84
4232,1709,2982,3003,20231106,3897075.41,3481487.96,17861.6,Active,68,False,4822390.67
4233,1177,2254,3005,20230725,4781164.59,1007552.26,43827.34,Active,0,False,
4234,1002,2003,3004,20240613,440321.41,0,8072.56,Closed,0,False,
4235,1633,2880,3003,20241202,4439199.03,1381386.79,20346.33,Active,0,False,5618056.52
4236,1241,2345,3005,20240912,1000342.07,0,9169.8,Closed,0,False,
4237,1133,2190,3005,20240613,903455.48,477988.89,8281.68,Active,0,False,
4238,1494,2688,3005,20231002,2225281.43,0,20398.41,Closed,0,False,
4239,1124,2176,3005,20240714,696772.27,605269.23,6387.08,Active,31,False,
4240,1793,3088,3005,20230603,1292696.88,0,11849.72,Closed,0,False,
4241,1402,2563,3005,20230808,2869740.55,1534229.12,26305.96,Active,0,False,
4242,1278,2391,3005,20230618,1230149.03,781751.49,11276.37,Active,66,False,
4243,1773,3063,3003,20240908,3126660.49,2641210.05,14330.53,Active,15,False,4752576.74
4244,1151,2218,3003,20241020,1520493.17,1226152.21,6968.93,Active,30,False,2041807.36
4245,1798,3096,3004,20241108,746508.03,91305.13,13685.98,Active,0,False,
4246,1271,2383,3004,20230918,372334.76,102281.33,6826.14,Active,0,False,
4247,1881,3209,3005,20230223,2718361.39,1536624.37,24918.31,Active,45,False,
4248,1052,2071,3004,20241105,58641.0,50473.9,1075.09,Active,0,False,
4249,1446,2621,3004,20240108,1910883.35,1776617.65,35032.86,Active,77,False,
4250,1745,3030,3004,20230828,491256.53,0,9006.37,Closed,0,False,
4251,1189,2270,3005,20240829,4589715.47,2640529.11,42072.39,Active,0,False,
4252,1852,3171,3004,20230418,1906292.61,0,34948.7,Closed,0,False,
4253,1473,2661,3003,20231014,2934328.88,908895.55,13449.01,Active,0,False,4588230.99
4254,1437,2610,3004,20230909,1801015.97,0,33018.63,Closed,0,False,
4255,1024,2034,3003,20240401,1945306.34,1552352.18,8915.99,Active,0,False,2907646.42
4256,1045,2062,3004,20231107,1739674.04,233055.64,31894.02,Active,0,False,
4257,1128,2183,3004,20241004,1008744.94,115519.44,18493.66,Active,0,False,
4258,1294,2411,3003,20241121,3543729.84,696439.01,16242.1,Active,0,False,6535702.89
4259,1124,2176,3005,20231117,3992038.32,3082374.89,36593.68,Active,0,False,
4260,1877,3202,3003,20240114,1712627.88,472748.54,7849.54,Active,0,False,3029580.69
4261,1379,2530,3004,20240718,1803613.6,1340990.52,33066.25,Active,21,False,
4262,1719,2994,3005,20240802,2419835.85,1733665.65,22181.83,Active,53,False,
4263,1040,2057,3005,20230829,4436225.76,2494768.43,40665.4,Active,0,False,
4264,1430,2600,3003,20231011,4780639.34,4343253.82,21911.26,Active,78,False,8675444.09
4265,1556,2775,3004,20240815,181432.56,86027.05,3326.26,Active,0,False,
4266,1628,2873,3004,20231007,1659467.96,306391.91,30423.58,Active,0,False,
4267,1171,2247,3003,20231127,2004078.41,2052312.53,9185.36,NPA,143,True,3247294.37
4268,1139,2200,3005,20231105,1041992.86,0,9551.6,Closed,0,False,
4269,1822,3129,3004,20241208,1817334.44,1046083.72,33317.8,Active,36,False,
4270,1798,3096,3003,20230312,4393766.18,0,20138.09,Closed,0,False,6094533.39
4271,1163,2236,3004,20240325,1526331.0,721842.93,27982.74,Active,0,False,
4272,1522,2726,3004,20230128,737449.47,478687.86,13519.91,Active,70,False,
4273,1451,2630,3003,20240920,2214434.07,2290583.91,10149.49,NPA,364,True,3712210.89
4274,1502,2700,3004,20241212,616061.57,437789.27,11294.46,Active,0,False,
4275,1198,2284,3003,20231130,1586449.24,174951.51,7271.23,Active,0,False,2982073.3
4276,1483,2673,3003,20240614,4242960.25,1273372.25,19446.9,Active,0,False,6736694.85
4277,1763,3051,3003,20230707,1336864.48,380613.87,6127.3,Active,0,False,1776315.06
4278,1896,3230,3005,20231026,4393479.1,2757421.26,40273.56,Active,9,False,
4279,1290,2406,3003,20240330,2834124.7,0,12989.74,Closed,0,False,5053582.61
4280,1471,2658,3004,20231116,96271.52,68985.04,1764.98,Active,0,False,
4281,1129,2184,3005,20240120,778915.91,456430.88,7140.06,Active,44,False,
4282,1385,2540,3005,20230515,1722315.84,1283249.96,15787.9,Active,88,False,
4283,1531,2738,3005,20230130,3080519.03,2846887.55,28238.09,Active,63,False,
4284,1416,2583,3004,20240722,267720.09,220271.28,4908.2,Active,0,False,
4285,1727,3007,3005,20230415,3117611.06,2642938.89,28578.1,Active,7,False,
4286,1886,3215,3004,20230824,1000186.88,725156.25,18336.76,Active,56,False,
4287,1029,2042,3003,20231230,4485867.16,0,20560.22,Closed,0,False,7324001.13
4288,1513,2713,3003,20231026,2666627.25,1970414.75,12222.04,Active,0,False,3639900.61
4289,1198,2283,3004,20230623,1213642.42,866550.89,22250.11,Active,32,False,
4290,1083,2115,3004,20240301,1778745.22,609147.99,32610.33,Active,0,False,
4291,1731,3012,3004,20240730,1248667.43,278067.21,22892.24,Active,0,False,
4292,1279,2393,3004,20230913,1589235.91,1349105.69,29135.99,Active,0,False,
4293,1772,3062,3005,20240818,4267889.27,0,39122.32,Closed,0,False,
4294,1562,2784,3005,20240914,3162538.89,2159756.5,28989.94,Active,0,False,
4295,1049,2068,3003,20231211,3276485.75,2944782.07,15017.23,Active,29,False,4415785.62
4296,1487,2677,3004,20231003,1766487.94,1380224.85,32385.61,Active,79,False,
4297,1254,2361,3004,20240813,668536.07,302343.03,12256.49,Active,0,False,
4298,1385,2540,3005,20240511,2696775.47,1842438.88,24720.44,Active,31,False,
4299,1557,2777,3004,20240312,402985.52,0,7388.07,Closed,0,False,
4300,1040,2057,3003,20240422,3741138.73,1194837.37,17146.89,Active,0,False,5686424.43
4301,1293,2410,3004,20230914,99488.41,77118.59,1823.95,Active,80,False,
4302,1392,2549,3003,20241112,4229425.43,2585719.97,19384.87,Active,0,False,7808787.8
4303,1551,2767,3004,20240216,116193.82,124419.61,2130.22,NPA,210,True,
4304,1084,2117,3004,20240607,1287746.37,1069950.42,23608.68,Active,80,False,
4305,1359,2499,3004,20230204,975418.31,620808.61,17882.67,Active,0,False,
4306,1384,2538,3003,20240324,1222249.53,927857.92,5601.98,Active,0,False,1663219.4
4307,1661,2922,3004,20240402,1380233.39,193390.94,25304.28,Active,0,False,
4308,1624,2866,3004,20231210,1035988.28,0,18993.12,Closed,0,False,
4309,1524,2728,3004,20241229,867539.32,159549.41,15904.89,Active,0,False,
4310,1769,3058,3004,20241021,640353.63,0,11739.82,Closed,0,False,
4311,1784,3078,3004,20231122,949686.1,0,17410.91,Closed,0,False,
4312,1814,3119,3005,20231214,2850153.5,1136070.21,26126.41,Active,0,False,
4313,1771,3061,3003,20240422,3677121.35,809954.43,16853.47,Active,0,False,7099961.85
4314,1658,2918,3004,20230615,809997.35,613797.03,14849.95,Active,0,False,
4315,1828,3137,3003,20230216,3012172.93,2136698.05,13805.79,Active,0,False,5333399.34
4316,1419,2586,3004,20241203,833572.41,506344.65,15282.16,Active,49,False,
4317,1343,2479,3005,20240705,1210851.64,207198.8,11099.47,Active,0,False,
4318,1667,2930,3004,20231020,1046870.96,888519.6,19192.63,Active,0,False,
4319,1764,3052,3004,20240315,897805.62,759536.65,16459.77,Active,76,False,
4320,1036,2052,3003,20230605,4299119.39,3511117.02,19704.3,Active,0,False,6531864.38
4321,1870,3193,3004,20240728,75503.95,48231.8,1384.24,Active,23,False,
4322,1640,2890,3004,20230528,1909114.38,416520.22,35000.43,Active,0,False,
4323,1782,3075,3003,20231229,780928.66,203870.22,3579.26,Active,0,False,1141840.66
4324,1600,2836,3004,20230316,1919959.39,1284805.01,35199.26,Active,73,False,
4325,1296,2415,3005,20230714,1220485.63,870796.57,11187.78,Active,1,False,
4326,1699,2968,3003,20240325,2574349.0,1367963.05,11799.1,Active,0,False,4240717.42
4327,1385,2540,3005,20230430,2539371.84,522152.71,23277.58,Active,0,False,
4328,1119,2170,3005,20230820,1509009.61,949202.79,13832.59,Active,43,False,
4329,1654,2911,3005,20230815,2372154.76,1627918.04,21744.75,Active,0,False,
4330,1394,2552,3003,20240916,3731581.03,3131539.38,17103.08,NPA,189,True,6057613.34
4331,1033,2048,3005,20231024,3539775.11,2353481.36,32447.94,Active,55,False,
4332,1365,2508,3003,20230525,798727.43,512302.16,3660.83,Active,0,False,1180848.54
4333,1330,2462,3004,20240813,762385.64,423443.8,13977.07,Active,0,False,
4334,1345,2483,3004,20240105,1372048.89,983048.44,25154.23,Active,0,False,
4335,1141,2202,3005,20230729,2621043.74,2017841.93,24026.23,Active,0,False,
4336,1023,2033,3003,20230310,1135357.14,483434.26,5203.72,Active,0,False,1790710.3
4337,1148,2212,3003,20230303,2868190.44,1841860.23,13145.87,Active,0,False,4436416.12
4338,1722,2998,3003,20230707,1244280.6,780717.89,5702.95,Active,54,False,1587331.86
4339,1091,2125,3004,20240127,1020861.41,881772.16,18715.79,Active,20,False,
4340,1422,2591,3004,20230110,1674753.2,0,30703.81,Closed,0,False,
4341,1797,3094,3005,20241009,4545822.46,3642163.75,41670.04,Active,0,False,
4342,1056,2077,3004,20240509,95247.89,66768.54,1746.21,Active,10,False,
4343,1133,2190,3003,20230624,2128746.09,1358430.6,9756.75,Active,48,False,3505621.82
4344,1160,2232,3003,20230511,2017853.87,542253.7,9248.5,Active,0,False,3626556.9
4345,1758,3045,3003,20230103,820892.15,0,3762.42,Closed,0,False,1148569.85
4346,1058,2080,3005,20231030,4516057.0,2564475.71,41397.19,Active,0,False,
4347,1045,2062,3005,20230121,1526001.91,205372.62,13988.35,Active,0,False,
4348,1838,3151,3004,20230212,1344037.05,703223.55,24640.68,Active,0,False,
4349,1414,2580,3005,20240623,2083009.88,0,19094.26,Closed,0,False,
4350,1451,2630,3005,20231227,2444291.95,521209.53,22406.01,Active,0,False,
4351,1506,2705,3003,20230330,3213512.35,2799376.87,14728.6,Active,5,False,4658655.44
4352,1287,2403,3003,20230627,905779.35,459557.02,4151.49,Active,0,False,1285924.43
4353,1561,2783,3003,20241206,1794859.58,1266172.28,8226.44,Active,24,False,2869966.26
4354,1638,2887,3003,20230701,1640518.32,1430941.63,7519.04,Active,0,False,2958715.21
4355,1070,2097,3004,20241016,734866.31,0,13472.55,Closed,0,False,
4356,1666,2929,3003,20230305,4429752.57,0,20303.03,Closed,0,False,6843457.71
4357,1365,2509,3005,20240202,4310906.81,2627164.29,39516.65,Active,0,False,
4358,1502,2700,3005,20230130,3273204.11,3108756.31,30004.37,Active,85,False,
4359,1106,2149,3005,20241123,3530398.97,2597694.65,32361.99,Active,81,False,
4360,1728,3008,3004,20240628,961550.45,339884.28,17628.42,Active,0,False,
4361,1734,3015,3004,20240108,1616313.63,1263173.39,29632.42,Active,46,False,
4362,1126,2179,3005,20240126,4450733.99,673425.84,40798.39,Active,0,False,
4363,1515,2715,3003,20240829,2553040.09,1859010.31,11701.43,Active,57,False,4374351.97
4364,1365,2509,3003,20241025,4429346.97,3548324.79,20301.17,Active,0,False,5657243.28
4365,1640,2890,3004,20240916,70482.47,63035.54,1292.18,Active,38,False,
4366,1807,3107,3005,20230310,3102256.58,2132520.13,28437.35,Active,0,False,
4367,1683,2949,3003,20240523,3678235.36,2047684.98,16858.58,Active,2,False,7209661.74
4368,1375,2523,3003,20230705,1580419.74,0,7243.59,Closed,0,False,1974176.55
4369,1420,2588,3003,20230325,2492864.04,0,11425.63,Closed,0,False,3409303.92
4370,1833,3144,3003,20240621,3613541.43,2866901.19,16562.06,Active,59,False,5973487.98
4371,1507,2706,3004,20230121,1381029.93,258802.92,25318.88,Active,0,False,
4372,1098,2136,3004,20231027,1809056.4,1372112.0,33166.03,Active,0,False,
4373,1667,2930,3004,20231012,1400343.1,1131541.96,25672.96,Active,0,False,
4374,1570,2795,3005,20230514,3223699.88,1084654.65,29550.58,Active,0,False,
4375,1240,2343,3005,20241027,239994.95,167585.85,2199.95,Active,57,False,
4376,1545,2760,3005,20231222,3398899.07,820595.1,31156.57,Active,0,False,
4377,1738,3020,3004,20241203,61292.64,54758.94,1123.7,Active,4,False,
4378,1130,2186,3003,20240404,3157826.07,0,14473.37,Closed,0,False,4099927.98
4379,1824,3132,3004,20240326,1003133.92,937844.69,18390.79,Active,35,False,
4380,1197,2281,3004,20230802,1461391.49,944517.25,26792.18,Active,0,False,
4381,1172,2248,3004,20231221,1995198.8,1798240.12,36578.64,NPA,326,True,
4382,1705,2977,3005,20240412,802668.62,0,7357.8,Closed,0,False,
4383,1666,2929,3003,20230615,4540219.97,0,20809.34,Closed,0,False,7072870.85
4384,1457,2640,3005,20240210,3270545.91,2614699.88,29980.0,Active,0,False,
4385,1489,2680,3004,20240624,1769384.92,996469.74,32438.72,Active,29,False,
4386,1187,2268,3005,20241003,3405267.57,1721344.35,31214.95,Active,24,False,
4387,1154,2222,3005,20231015,837730.17,624316.36,7679.19,Active,30,False,
4388,1656,2913,3005,20231105,1990088.98,1705955.97,18242.48,Active,57,False,
4389,1129,2184,3004,20241110,1468768.21,811740.42,26927.42,Active,0,False,
4390,1194,2276,3004,20240603,781747.12,378135.18,14332.03,Active,0,False,
4391,1329,2460,3003,20241227,3394736.29,2075655.02,15559.21,Active,10,False,4512584.37
4392,1400,2561,3004,20230714,1008623.88,172467.55,18491.44,Active,0,False,
4393,1538,2748,3003,20240212,4776287.09,2434564.17,21891.32,Active,0,False,6043776.94
4394,1348,2487,3005,20230426,2019785.74,1423826.71,18514.7,Active,0,False,
4395,1266,2376,3003,20241121,4694154.27,1484350.11,21514.87,Active,0,False,6959991.04
4396,1186,2267,3004,20241201,1298999.45,964800.69,23814.99,Active,0,False,
4397,1206,2297,3004,20240110,855797.75,496771.45,15689.63,Active,0,False,
4398,1339,2474,3004,20241210,1087188.52,834162.47,19931.79,Active,53,False,
4399,1307,2431,3004,20230207,717178.52,498249.27,13148.27,Active,14,False,
4400,1172,2248,3005,20240715,3480322.0,1217441.94,31902.95,Active,0,False,
4401,1594,2828,3005,20230729,2644398.73,1442294.19,24240.32,Active,42,False,
4402,1294,2411,3004,20230807,1519404.77,783097.87,27855.75,Active,0,False,
4403,1779,3071,3005,20240205,3504329.22,2167847.2,32123.02,Active,44,False,
4404,1840,3154,3005,20240323,4201996.6,633024.24,38518.3,Active,0,False,
4405,1100,2140,3005,20230917,1404881.61,0,12878.08,Closed,0,False,
4406,1686,2952,3005,20240423,3495301.2,2622336.01,32040.26,Active,23,False,
4407,1474,2662,3003,20231226,3881890.27,3160715.22,17792.0,Active,3,False,6317254.57
4408,1327,2458,3003,20240507,1798959.47,818725.98,8245.23,Active,0,False,2673792.61
4409,1172,2248,3005,20241127,1779522.77,1284483.85,16312.29,Active,0,False,
4410,1472,2659,3005,20230429,437382.46,74293.29,4009.34,Active,0,False,
4411,1120,2171,3003,20231115,3406923.48,2614148.15,15615.07,Active,0,False,6438545.29
4412,1155,2224,3004,20241114,1326811.22,902439.43,24324.87,Active,86,False,
4413,1893,3225,3003,20241029,2007259.88,1550795.71,9199.94,Active,0,False,3494220.32
4414,1133,2190,3005,20240404,3074102.19,2072898.17,28179.27,Active,41,False,
4415,1154,2222,3003,20240104,3058203.31,0,14016.77,Closed,0,False,5291499.08
4416,1551,2768,3004,20240614,1403227.27,456573.12,25725.83,Active,0,False,
4417,1359,2499,3004,20230213,1426801.91,589391.14,26158.04,Active,0,False,
4418,1810,3111,3004,20230402,266226.47,177289.79,4880.82,Active,0,False,
4419,1865,3188,3003,20240927,2781084.87,2422656.9,12746.64,Active,0,False,3454598.97
4420,1441,2616,3004,20230501,570495.1,424403.1,10459.08,Active,0,False,
4421,1646,2900,3004,20230215,288645.18,204574.01,5291.83,Active,0,False,
4422,1804,3103,3005,20240909,1798107.24,1545461.54,16482.65,Active,24,False,
4423,1628,2872,3003,20230821,3386461.22,2320472.74,15521.28,Active,0,False,5531454.51
4424,1705,2977,3003,20241009,2170145.19,2300842.32,9946.5,NPA,237,True,4061940.39
4425,1758,3045,3004,20240701,439411.75,208213.32,8055.88,Active,0,False,
4426,1330,2462,3004,20231019,1914258.22,1472810.82,35094.73,Active,0,False,
4427,1335,2468,3004,20240320,810172.33,713179.21,14853.16,Active,0,False,
4428,1774,3064,3003,20240925,1143319.51,167489.63,5240.21,Active,0,False,2062928.74
4429,1100,2139,3003,20240518,3175106.22,2019393.64,14552.57,Active,87,False,5174433.33
4430,1577,2804,3004,20230217,1835125.37,840277.6,33643.97,Active,0,False,
4431,1832,3142,3005,20240521,3223050.03,1870271.09,29544.63,Active,0,False,
4432,1697,2965,3005,20230608,4462374.99,0,40905.1,Closed,0,False,
4433,1274,2387,3005,20240719,4466782.04,3443294.23,40945.5,Active,2,False,
4434,1081,2112,3003,20240910,1199365.73,838255.82,5497.09,Active,0,False,1963153.92
4435,1152,2220,3005,20230818,620253.24,371002.66,5685.65,Active,18,False,
4436,1256,2363,3003,20240320,3873000.76,2641633.67,17751.25,Active,87,False,5574567.13
4437,1064,2089,3004,20241120,857394.16,590978.43,15718.89,Active,40,False,
4438,1686,2952,3005,20230421,2624594.57,2032212.44,24058.78,Active,21,False,
4439,1296,2415,3005,20230708,987829.84,751481.7,9055.11,Active,8,False,
4440,1892,3224,3005,20241123,2708593.63,2235525.36,24828.77,Active,0,False,
4441,1697,2965,3003,20240507,1212394.19,1087339.96,5556.81,Active,5,False,2107331.41
4442,1837,3150,3004,20240326,1061723.27,0,19464.93,Closed,0,False,
4443,1209,2300,3004,20230914,345367.66,243987.8,6331.74,Active,0,False,
4444,1508,2708,3005,20230927,2482626.67,1255001.87,22757.41,Active,0,False,
4445,1084,2116,3005,20230309,1996085.56,1223576.67,18297.45,Active,0,False,
4446,1456,2637,3003,20231114,4551229.32,4051703.75,20859.8,NPA,169,True,6729255.35
4447,1330,2462,3003,20230419,751954.31,475268.18,3446.46,Active,55,False,1441140.01
4448,1562,2784,3004,20240318,1676153.81,796546.54,30729.49,Active,0,False,
4449,1547,2762,3005,20230711,2902440.74,2074417.87,26605.71,Active,0,False,
4450,1813,3116,3003,20230406,3598301.07,2652661.48,16492.21,Active,29,False,7046620.76
4451,1353,2492,3003,20230218,2241066.81,1739009.55,10271.56,Active,0,False,2902392.99
4452,1156,2225,3003,20231114,3239979.8,1785629.57,14849.91,Active,0,False,3999637.3
4453,1308,2432,3005,20230331,2478681.75,346413.82,22721.25,Active,0,False,
4454,1216,2309,3005,20240326,2882745.83,0,26425.17,Closed,0,False,
4455,1535,2745,3004,20230429,504216.24,407153.5,9243.96,Active,37,False,
4456,1076,2106,3003,20240506,3866921.1,2486221.86,17723.39,Active,31,False,5071531.84
4457,1339,2474,3004,20230628,963471.9,137425.54,17663.65,Active,0,False,
4458,1879,3206,3003,20240603,4978743.84,1738993.28,22819.24,Active,0,False,7088316.39
4459,1829,3138,3005,20230425,3632848.98,3164593.69,33301.12,Active,53,False,
4460,1681,2946,3004,20231021,1319391.43,375315.25,24188.84,Active,0,False,
4461,1017,2025,3003,20241113,3492807.81,1356107.04,16008.7,Active,0,False,5168826.77
4462,1352,2491,3004,20230509,1224523.38,940973.78,22449.6,Active,12,False,
4463,1612,2850,3005,20230306,4832469.85,3380077.41,44297.64,Active,21,False,
4464,1201,2288,3003,20230310,1292756.91,868037.71,5925.14,Active,27,False,2440607.14
4465,1362,2503,3004,20240718,714982.92,360629.91,13108.02,Active,32,False,
4466,1545,2760,3004,20230714,1110769.78,439486.87,20364.11,Active,0,False,
4467,1189,2270,3004,20231130,198231.3,37791.15,3634.24,Active,0,False,
4468,1118,2168,3003,20240409,3153239.24,1449767.38,14452.35,Active,0,False,3974251.87
4469,1704,2976,3005,20230303,679982.12,601445.78,6233.17,Active,1,False,
4470,1452,2631,3004,20240913,1466153.9,0,26879.49,Closed,0,False,
4471,1871,3194,3004,20230726,248375.23,61583.02,4553.55,Active,0,False,
4472,1262,2372,3005,20241117,425859.7,0,3903.71,Closed,0,False,
4473,1086,2119,3004,20230209,1296133.39,1140869.12,23762.45,NPA,333,True,
4474,1688,2954,3004,20241022,1002120.25,913809.3,18372.2,Active,47,False,
4475,1355,2494,3005,20240728,4698308.02,3006242.38,43067.82,Active,53,False,
4476,1114,2162,3005,20230523,4383911.81,0,40185.86,Closed,0,False,
4477,1286,2402,3004,20240424,1317434.84,1016388.92,24152.97,Active,0,False,
4478,1204,2294,3003,20231221,2159148.51,1531672.22,9896.1,Active,3,False,3956051.31
4479,1833,3144,3005,20230713,3736582.06,1188086.63,34252.0,Active,0,False,
4480,1581,2809,3005,20240203,2679194.6,2432540.31,24559.28,Active,10,False,
4481,1212,2304,3004,20241007,1854109.65,1511461.86,33992.01,NPA,207,True,
4482,1109,2153,3003,20240913,908639.57,362516.18,4164.6,Active,0,False,1481144.74
4483,1448,2624,3003,20240302,4578266.8,675205.49,20983.72,Active,0,False,8887582.27
4484,1771,3061,3004,20231230,91054.73,47584.57,1669.34,Active,0,False,
4485,1100,2140,3003,20230827,4763924.68,3529693.17,21834.65,Active,21,False,8663007.18
4486,1503,2701,3003,20240511,1049182.44,553160.49,4808.75,Active,0,False,1695282.83
4487,1425,2595,3005,20240710,2330746.6,648731.59,21365.18,Active,0,False,
4488,1130,2186,3003,20231116,3243176.54,2125954.11,14864.56,Active,0,False,4877098.76
4489,1352,2491,3005,20230704,1459072.84,994061.38,13374.83,Active,0,False,
4490,1520,2722,3005,20231229,3308990.61,2765743.64,30332.41,Active,48,False,
4491,1806,3105,3004,20230830,1335821.7,0,24490.06,Closed,0,False,
4492,1593,2827,3005,20240809,1444205.58,1313486.99,13238.55,Active,46,False,
4493,1796,3092,3005,20230726,4168528.08,3363370.42,38211.51,Active,0,False,
4494,1419,2586,3003,20230810,2079936.05,0,9533.04,Closed,0,False,3031841.02
4495,1774,3064,3003,20231025,3336620.35,2639183.56,15292.84,Active,59,False,5240766.82
4496,1466,2653,3005,20230227,3786388.84,0,34708.56,Closed,0,False,
4497,1194,2276,3004,20240105,316411.97,58557.97,5800.89,Active,0,False,
4498,1776,3067,3004,20231012,668354.97,542599.08,12253.17,Active,0,False,
4499,1619,2858,3004,20230119,1001291.52,860196.68,18357.01,Active,37,False,
4500,1426,2596,3003,20240118,3900749.34,1620025.59,17878.43,Active,0,False,4868277.7
